game_name,player,period,timestamp_seconds,sitaution_type,detailable_type,shot_type,expected_goal_value,goal,x_shot,y_shot,on_net,net_x_coord,net_y_coord,blocked_by_opponent,one_timer,goalie_blocking_object
2018-10-26 - Erie Otters at Guelph Storm,Danial Singer,1,1191,5 on 5,Shot,Wristshot,0.0059215,f,137,34,t,9,1,f,f,stick
2018-10-26 - Erie Otters at Guelph Storm,Kurtis Henry,1,1096,5 on 5,Shot,Wristshot,0.0064676,f,131,68,f,,,t,f,
2018-10-26 - Erie Otters at Guelph Storm,Brendan Sellan,1,1037,5 on 5,Shot,Wristshot,0.0552209,f,165,24,t,57,4,f,f,left_pad
2018-10-26 - Erie Otters at Guelph Storm,Brendan Sellan,1,1036,5 on 5,Shot,Snapshot,0.2364925,f,180,45,t,58,2,f,f,left_pad
2018-10-26 - Erie Otters at Guelph Storm,Jack Duff,1,976,5 on 5,Shot,Snapshot,0.0049324,f,137,3,f,,,f,f,
2018-10-26 - Erie Otters at Guelph Storm,Ryan Martin,1,927,5 on 5,Shot,Snapshot,0.0064676,f,136,78,t,20,2,f,f,right_pad
2018-10-26 - Erie Otters at Guelph Storm,Emmett Sproule,1,905,5 on 5,Shot,Wristshot,0.0123865,f,179,65,t,29,25,f,f,right_shoulder
2018-10-26 - Erie Otters at Guelph Storm,Jamie Drysdale,1,887,5 on 5,Shot,Snapshot,0.0057339,f,132,83,t,57,26,f,t,glove
2018-10-26 - Erie Otters at Guelph Storm,Hayden Fowler,1,842,5 on 5,Shot,Wrap Around,0.0851206,f,187,48,f,,,t,f,
2018-10-26 - Erie Otters at Guelph Storm,Hayden Fowler,1,584,5 on 5,Shot,Wristshot,0.0486891,f,161,63,t,29,7,f,f,right_pad
2018-10-26 - Erie Otters at Guelph Storm,Maxim Golod,1,520,5 on 5,Shot,Wristshot,0.0093801,f,165,74,f,,,t,f,right_pad
2018-10-26 - Erie Otters at Guelph Storm,Kurtis Henry,1,320,5 on 5,Shot,Snapshot,0.1153846,f,177,26,f,,,t,t,
2018-10-26 - Erie Otters at Guelph Storm,Chad Yetman,1,317,5 on 5,Shot,Snapshot,0.008872,f,166,18,f,,,f,f,
2018-10-26 - Erie Otters at Guelph Storm,Gera Poddubnyi,1,253,5 on 5,Shot,Snapshot,0.0073733,f,160,6,t,13,25,f,f,torso
2018-10-26 - Erie Otters at Guelph Storm,Gera Poddubnyi,1,30,5 on 5,Shot,Wristshot,0.0307125,f,187,64,f,,,f,f,
2018-10-26 - Erie Otters at Guelph Storm,Danial Singer,2,1189,5 on 5,Shot,Snapshot,0.0059215,f,141,62,t,39,3,f,f,left_pad
2018-10-26 - Erie Otters at Guelph Storm,Maxim Golod,2,1122,5 on 5,Shot,Snapshot,0.0384615,f,177,31,f,,,t,f,
2018-10-26 - Erie Otters at Guelph Storm,Chad Yetman,2,987,5 on 5,Shot,Wristshot,0.0650939,t,177,52,t,68,33,f,f,
2018-10-26 - Erie Otters at Guelph Storm,Daniel D'Amato,2,962,5 on 5,Shot,Snapshot,0.0150651,f,168,71,t,38,1,f,f,stick
2018-10-26 - Erie Otters at Guelph Storm,Petr Cajka,2,823,5 on 5,Shot,Slapshot,0.0253293,f,157,52,f,,,t,t,
2018-10-26 - Erie Otters at Guelph Storm,Chad Yetman,2,728,5 on 5,Shot,Snapshot,0.1991435,t,178,39,t,68,31,f,t,
2018-10-26 - Erie Otters at Guelph Storm,Daniel D'Amato,2,692,5 on 5,Shot,Snapshot,0.0115562,f,175,15,f,,,f,f,
2018-10-26 - Erie Otters at Guelph Storm,Luke Beamish,2,680,5 on 5,Shot,Snapshot,0.0064676,f,134,76,f,,,f,f,
2018-10-26 - Erie Otters at Guelph Storm,Maxim Golod,2,572,5 on 4,Shot,Wristshot,0.0253521,f,148,41,t,54,21,f,f,glove
2018-10-26 - Erie Otters at Guelph Storm,Jack Duff,2,555,5 on 4,Shot,Snapshot,0.0267627,f,128,42,t,61,22,f,t,glove
2018-10-26 - Erie Otters at Guelph Storm,Chad Yetman,2,520,5 on 5,Shot,Wristshot,0.0123865,f,182,72,t,69,22,f,f,left_shoulder
2018-10-26 - Erie Otters at Guelph Storm,Gera Poddubnyi,2,511,5 on 5,Shot,Snapshot,0.008872,f,171,6,f,,,t,f,
2018-10-26 - Erie Otters at Guelph Storm,Petr Cajka,2,424,5 on 4,Shot,Snapshot,0.0377685,f,149,34,f,,,t,f,
2018-10-26 - Erie Otters at Guelph Storm,Kyle Maksimovich,2,412,5 on 4,Shot,Wristshot,0.0290581,f,160,67,f,,,f,f,
2018-10-26 - Erie Otters at Guelph Storm,Hayden Fowler,2,373,4 on 4,Shot,Wristshot,0.0343137,f,157,58,f,,,f,f,
2018-10-26 - Erie Otters at Guelph Storm,Chad Yetman,2,228,5 on 5,Shot,Wristshot,0.0831469,f,172,35,t,17,2,f,f,right_pad
2018-10-26 - Erie Otters at Guelph Storm,Brendan Hoffmann,2,202,5 on 5,Shot,Snapshot,0.0026667,f,150,80,t,51,1,f,f,stick
2018-10-26 - Erie Otters at Guelph Storm,Marcus Gillard,2,197,5 on 5,Shot,Wristshot,0.0049324,f,130,1,f,,,f,f,
2018-10-26 - Erie Otters at Guelph Storm,Jamie Drysdale,2,193,5 on 5,Shot,Slapshot,0.0054285,f,153,72,t,20,5,f,f,right_pad
2018-10-26 - Erie Otters at Guelph Storm,Brendan Hoffmann,2,145,5 on 5,Shot,Wristshot,0.0111554,f,172,72,t,71,24,f,f,glove
2018-10-26 - Erie Otters at Guelph Storm,Gera Poddubnyi,2,47,5 on 5,Shot,Wristshot,0.0059215,f,141,55,t,55,27,f,f,glove
2018-10-26 - Erie Otters at Guelph Storm,Kyle Maksimovich,3,1186,5 on 5,Shot,Wristshot,0.0224133,f,145,38,f,,,t,f,
2018-10-26 - Erie Otters at Guelph Storm,Hayden Fowler,3,1183,5 on 5,Shot,Snapshot,0.0124224,f,192,20,f,,,f,f,
2018-10-26 - Erie Otters at Guelph Storm,Chad Yetman,3,1013,5 on 5,Shot,Deflection,0.1139061,f,181,37,t,6,1,f,f,right_pad
2018-10-26 - Erie Otters at Guelph Storm,Ryan Martin,3,985,5 on 5,Shot,Snapshot,0.0063727,f,132,11,t,31,18,f,f,glove
2018-10-26 - Erie Otters at Guelph Storm,Luke Beamish,3,980,5 on 5,Shot,Wristshot,0.0063727,f,135,14,f,,,t,f,
2018-10-26 - Erie Otters at Guelph Storm,Jamie Drysdale,3,871,5 on 4,Shot,Wristshot,0.125,f,176,67,t,26,20,f,f,blocker
2018-10-26 - Erie Otters at Guelph Storm,Jamie Drysdale,3,859,5 on 3,Shot,Slapshot,0.0445545,f,148,35,f,,,t,t,
2018-10-26 - Erie Otters at Guelph Storm,Jamie Drysdale,3,837,5 on 3,Shot,Wristshot,0.15,f,162,63,t,37,15,f,f,torso
2018-10-26 - Erie Otters at Guelph Storm,Danial Singer,3,811,5 on 3,Shot,Snapshot,0.0434783,f,157,51,f,,,f,t,
2018-10-26 - Erie Otters at Guelph Storm,Chad Yetman,3,810,5 on 3,Shot,Snapshot,0.1527778,t,181,28,t,18,11,f,f,
2018-10-26 - Erie Otters at Guelph Storm,Jamie Drysdale,3,769,5 on 4,Shot,Wristshot,0,f,141,39,t,16,4,f,f,right_pad
2018-10-26 - Erie Otters at Guelph Storm,Daniel D'Amato,3,700,5 on 5,Shot,Wristshot,0.0486891,f,162,60,t,29,2,f,f,right_pad
2018-10-26 - Erie Otters at Guelph Storm,Jack Duff,3,525,5 on 5,Shot,Wristshot,0.0117692,f,143,6,t,20,1,f,f,right_pad
2018-10-26 - Erie Otters at Guelph Storm,Maxim Golod,3,504,5 on 5,Shot,Wristshot,0.0224133,f,151,62,f,,,t,f,
2018-10-26 - Erie Otters at Guelph Storm,Daniel D'Amato,3,472,5 on 5,Shot,Wristshot,0.1139061,f,183,45,f,,,f,f,
2018-10-26 - Erie Otters at Guelph Storm,Kurtis Henry,3,467,5 on 5,Shot,Wristshot,0.027027,t,161,31,t,42,1,f,f,
2018-10-26 - Erie Otters at Guelph Storm,Jamie Drysdale,4,149,3 on 3,Shot,Wristshot,0,f,164,61,f,,,t,f,
2018-10-26 - Erie Otters at Guelph Storm,Jack Duff,4,118,3 on 3,Shot,Wristshot,0.0714286,f,149,38,t,11,4,f,f,right_pad
2018-10-26 - Erie Otters at Guelph Storm,Kyle Maksimovich,4,111,3 on 3,Shot,Wristshot,0.0454545,t,163,62,t,66,41,f,f,
2018-10-26 - Erie Otters at Guelph Storm,Nate Schnarr,1,1180,5 on 5,Shot,Slapshot,0.0746269,t,166,24,t,51,13,f,t,
2018-10-26 - Erie Otters at Guelph Storm,Mark Woolley,1,1158,5 on 5,Shot,Snapshot,0.0049324,f,133,0,t,15,2,f,f,right_pad
2018-10-26 - Erie Otters at Guelph Storm,Mark Woolley,1,1119,5 on 5,Shot,Snapshot,0.0063727,f,129,16,t,52,28,f,f,glove
2018-10-26 - Erie Otters at Guelph Storm,Domenic Commisso,1,1085,5 on 5,Shot,Snapshot,0.0486891,f,172,52,f,,,f,f,
2018-10-26 - Erie Otters at Guelph Storm,Ryan Merkley,1,1058,5 on 5,Shot,Wristshot,0.0054285,f,148,74,f,,,f,f,
2018-10-26 - Erie Otters at Guelph Storm,Alexey Toropchenko,1,920,5 on 5,Shot,Wristshot,0.0069817,f,144,17,f,,,t,f,
2018-10-26 - Erie Otters at Guelph Storm,Cedric Ralph,1,861,5 on 5,Shot,Snapshot,0.0561843,f,168,38,f,,,t,f,
2018-10-26 - Erie Otters at Guelph Storm,Cedric Ralph,1,860,5 on 5,Shot,Snapshot,0.0098684,f,175,19,f,,,f,f,
2018-10-26 - Erie Otters at Guelph Storm,Nate Schnarr,1,819,5 on 5,Shot,Snapshot,0.161298,f,180,41,t,45,7,f,f,glove
2018-10-26 - Erie Otters at Guelph Storm,Ryan Merkley,1,801,5 on 5,Shot,Snapshot,0.0125536,f,130,48,t,22,20,f,f,torso
2018-10-26 - Erie Otters at Guelph Storm,Owen Lalonde,1,666,5 on 5,Shot,Wristshot,0.0054285,f,147,77,f,,,t,f,
2018-10-26 - Erie Otters at Guelph Storm,Owen Lalonde,1,646,5 on 5,Shot,Snapshot,0.0133333,f,160,57,t,28,8,f,t,stick
2018-10-26 - Erie Otters at Guelph Storm,Nate Schnarr,1,618,5 on 5,Shot,Snapshot,0.0444444,f,192,36,t,6,1,f,t,stick
2018-10-26 - Erie Otters at Guelph Storm,Ryan Merkley,1,600,5 on 5,Shot,Wristshot,0.0634921,f,170,60,f,,,t,f,
2018-10-26 - Erie Otters at Guelph Storm,Daniil Chayka,1,577,5 on 5,Shot,Wristshot,0.1203704,f,166,37,t,47,1,f,f,left_pad
2018-10-26 - Erie Otters at Guelph Storm,Mark Woolley,1,505,5 on 5,Shot,Wristshot,0.0125536,f,132,22,f,,,t,f,
2018-10-26 - Erie Otters at Guelph Storm,Ryan Merkley,1,485,5 on 5,Shot,Wristshot,0.0265604,f,152,44,f,,,f,f,
2018-10-26 - Erie Otters at Guelph Storm,Cam Hillis,1,460,5 on 4,Shot,Wristshot,0.0223529,f,167,20,f,,,t,f,
2018-10-26 - Erie Otters at Guelph Storm,Cam Hillis,1,458,5 on 4,Shot,Wristshot,0.0500385,f,173,26,t,19,22,f,f,torso
2018-10-26 - Erie Otters at Guelph Storm,Domenic Commisso,1,396,5 on 4,Shot,Slapshot,0.0027624,f,152,70,t,51,30,f,f,head
2018-10-26 - Erie Otters at Guelph Storm,Liam Hawel,1,362,5 on 4,Shot,Snapshot,0.0798319,t,165,23,t,7,18,f,t,
2018-10-26 - Erie Otters at Guelph Storm,Owen Lalonde,1,233,5 on 5,Shot,Wristshot,0.0054285,f,145,72,t,19,13,f,f,blocker
2018-10-26 - Erie Otters at Guelph Storm,Domenic Commisso,1,199,5 on 5,Shot,Wristshot,0.0225019,f,154,63,f,,,t,f,
2018-10-26 - Erie Otters at Guelph Storm,Domenic Commisso,1,197,5 on 5,Shot,Snapshot,0.1139061,f,176,37,t,21,15,f,f,torso
2018-10-26 - Erie Otters at Guelph Storm,Jack Hanley,1,193,5 on 5,Shot,Wristshot,0.0125536,t,134,37,t,68,22,f,f,
2018-10-26 - Erie Otters at Guelph Storm,Cedric Ralph,1,78,5 on 5,Shot,Snapshot,0.0493421,f,176,31,f,,,t,t,
2018-10-26 - Erie Otters at Guelph Storm,Cam Hillis,2,1159,5 on 5,Shot,Deflection,0.0307125,f,179,52,f,,,f,f,
2018-10-26 - Erie Otters at Guelph Storm,Cedric Ralph,2,941,5 on 5,Shot,Snapshot,0.0552209,f,171,21,f,,,t,f,
2018-10-26 - Erie Otters at Guelph Storm,Mark Woolley,2,933,5 on 5,Shot,Snapshot,0.0031153,f,151,14,f,,,f,f,
2018-10-26 - Erie Otters at Guelph Storm,Mark Woolley,2,873,5 on 5,Shot,Snapshot,0.0063727,f,135,15,f,,,t,f,
2018-10-26 - Erie Otters at Guelph Storm,Tag Bertuzzi,2,811,5 on 5,Shot,Snapshot,0.0298211,f,168,50,f,,,t,f,
2018-10-26 - Erie Otters at Guelph Storm,Alexey Toropchenko,2,346,5 on 4,Shot,Wristshot,0.1395161,f,184,38,t,9,1,f,f,right_pad
2018-10-26 - Erie Otters at Guelph Storm,Cam Hillis,2,315,5 on 4,Shot,Snapshot,0.0655738,f,169,51,t,24,2,f,t,right_pad
2018-10-26 - Erie Otters at Guelph Storm,Isaac Ratcliffe,2,293,5 on 4,Shot,Snapshot,0.1863014,f,182,43,t,42,1,f,f,left_pad
2018-10-26 - Erie Otters at Guelph Storm,Isaac Ratcliffe,2,264,5 on 4,Shot,Snapshot,0.0619469,f,173,60,t,59,25,f,f,glove
2018-10-26 - Erie Otters at Guelph Storm,Jack Hanley,2,125,5 on 5,Shot,Wristshot,0.0063727,f,130,6,t,21,12,f,f,torso
2018-10-26 - Erie Otters at Guelph Storm,Isaac Ratcliffe,2,111,5 on 5,Shot,Snapshot,0.0225019,f,149,51,t,26,1,f,f,stick
2018-10-26 - Erie Otters at Guelph Storm,Ryan Merkley,2,95,5 on 5,Shot,Wristshot,0.0054285,f,148,76,t,25,4,f,f,right_pad
2018-10-26 - Erie Otters at Guelph Storm,Domenic Commisso,2,32,5 on 5,Shot,Wristshot,0.0111441,f,169,83,t,25,27,f,f,blocker
2018-10-26 - Erie Otters at Guelph Storm,Alexey Toropchenko,2,26,5 on 5,Shot,Snapshot,0.0067114,f,158,20,t,24,27,f,t,torso
2018-10-26 - Erie Otters at Guelph Storm,Owen Lalonde,2,24,5 on 5,Shot,Snapshot,0,f,158,68,t,61,19,f,f,glove
2018-10-26 - Erie Otters at Guelph Storm,Mark Woolley,2,18,5 on 5,Shot,Snapshot,0.0064676,f,136,65,f,,,t,f,
2018-10-26 - Erie Otters at Guelph Storm,Jack Hanley,3,1160,5 on 5,Shot,Snapshot,0.0117692,f,142,9,t,14,3,t,f,right_pad
2018-10-26 - Erie Otters at Guelph Storm,Isaac Ratcliffe,3,1157,5 on 5,Shot,Snapshot,0.0124224,f,190,52,f,,,t,f,
2018-10-26 - Erie Otters at Guelph Storm,Nate Schnarr,3,1154,5 on 5,Shot,Fan,0.0307125,f,175,54,f,,,t,f,
2018-10-26 - Erie Otters at Guelph Storm,Isaac Ratcliffe,3,1153,5 on 5,Shot,Snapshot,0.1139061,f,186,49,t,57,1,f,f,stick
2018-10-26 - Erie Otters at Guelph Storm,Nate Schnarr,3,1141,5 on 5,Shot,Deflection,0.1139061,f,180,39,t,38,1,f,f,left_pad
2018-10-26 - Erie Otters at Guelph Storm,Isaac Ratcliffe,3,1140,5 on 5,Shot,Snapshot,0.2364925,t,184,48,t,49,1,f,f,
2018-10-26 - Erie Otters at Guelph Storm,Jack Hanley,3,942,5 on 5,Shot,Wristshot,0.0125536,f,126,52,f,,,t,f,
2018-10-26 - Erie Otters at Guelph Storm,Isaac Ratcliffe,3,887,4 on 5,Shot,Wristshot,0,f,147,69,f,,,t,f,
2018-10-26 - Erie Otters at Guelph Storm,Jack Hanley,3,672,5 on 5,Shot,Snapshot,0.0085073,f,127,23,t,26,15,f,f,torso
2018-10-26 - Erie Otters at Guelph Storm,Nate Schnarr,3,647,5 on 5,Shot,Deflection,0.1139061,f,181,45,t,31,3,f,f,stick
2018-10-26 - Erie Otters at Guelph Storm,Nate Schnarr,3,646,5 on 5,Shot,Snapshot,0.1126214,f,187,49,f,,,t,f,
2018-10-26 - Erie Otters at Guelph Storm,Jack Hanley,3,635,5 on 5,Shot,Wristshot,0.0265604,f,145,29,f,,,t,f,
2018-10-26 - Erie Otters at Guelph Storm,Mason Primeau,3,566,5 on 5,Shot,Snapshot,0.1139061,f,186,49,t,60,4,f,f,left_pad
2018-10-26 - Erie Otters at Guelph Storm,Jack Hanley,3,552,5 on 5,Shot,Wristshot,0.0125536,f,136,21,t,23,24,f,f,torso
2018-10-26 - Erie Otters at Guelph Storm,Barret Kirwin,3,497,5 on 5,Shot,Wristshot,0.0298211,f,160,59,f,,,t,f,
2018-10-26 - Erie Otters at Guelph Storm,Ryan Merkley,3,495,5 on 5,Shot,Snapshot,0.0812721,f,161,39,t,15,20,t,f,blocker
2018-10-26 - Erie Otters at Guelph Storm,Domenic Commisso,3,336,5 on 5,Shot,Wristshot,0.1139061,f,181,43,t,49,2,f,f,left_pad
2018-10-26 - Erie Otters at Guelph Storm,Ryan Merkley,3,296,5 on 4,Shot,Wristshot,0.0175362,f,129,46,f,,,t,f,
2018-10-26 - Erie Otters at Guelph Storm,Domenic Commisso,3,223,5 on 4,Shot,Snapshot,0.0377685,f,150,28,t,20,28,f,f,glove
2018-10-26 - Erie Otters at Guelph Storm,Tag Bertuzzi,3,210,5 on 4,Shot,Deflection,0.1395161,f,181,38,f,,,f,f,
2018-10-26 - Erie Otters at Guelph Storm,Owen Lalonde,3,198,5 on 4,Shot,Wristshot,0.0175362,f,140,36,f,,,t,f,
2018-10-26 - Erie Otters at Guelph Storm,Jack Hanley,3,16,5 on 5,Shot,Snapshot,0.0049324,f,139,3,f,,,t,f,
2018-10-26 - Erie Otters at Guelph Storm,Isaac Ratcliffe,4,187,3 on 3,Shot,Snapshot,0,f,178,55,f,,,t,f,
2018-11-04 - Moncton Wildcats at Halifax Mooseheads,Dylan Seitz,1,1181,5 on 5,Shot,Wristshot,0.0063593,f,158,68,f,,,t,f,
2018-11-04 - Moncton Wildcats at Halifax Mooseheads,Jacob Hudson,1,1166,5 on 5,Shot,Wristshot,0.0291363,f,167,32,t,37,25,f,f,torso
2018-11-04 - Moncton Wildcats at Halifax Mooseheads,Jakob Pelletier,1,1063,5 on 5,Shot,Fan,0.1141884,f,175,36,t,58,0,t,f,left_pad
2018-11-04 - Moncton Wildcats at Halifax Mooseheads,Jakob Pelletier,1,876,5 on 5,Shot,Wristshot,0.0553299,f,173,27,f,,,t,f,
2018-11-04 - Moncton Wildcats at Halifax Mooseheads,Jack Tucker,1,874,5 on 5,Shot,Slapshot,0.0054808,f,149,81,f,,,t,f,
2018-11-04 - Moncton Wildcats at Halifax Mooseheads,Dylan Seitz,1,764,5 on 5,Shot,Wristshot,0.0066345,f,155,7,f,,,t,f,
2018-11-04 - Moncton Wildcats at Halifax Mooseheads,Jacob Hudson,1,761,5 on 5,Shot,Wristshot,0.0940405,f,167,47,f,,,t,f,
2018-11-04 - Moncton Wildcats at Halifax Mooseheads,Jacob Hudson,1,752,5 on 5,Shot,Wristshot,0,f,154,74,t,18,9,f,f,right_pad
2018-11-04 - Moncton Wildcats at Halifax Mooseheads,Jordan Spence,1,677,5 on 5,Shot,Wristshot,0.001705,f,132,65,t,59,33,f,f,blocker
2018-11-04 - Moncton Wildcats at Halifax Mooseheads,Brady Pataki,1,658,5 on 5,Shot,Deflection,0.0243902,f,158,45,t,36,1,t,f,stick
2018-11-04 - Moncton Wildcats at Halifax Mooseheads,Jacob Hudson,1,460,5 on 5,Shot,Wristshot,0.0099875,f,133,78,f,,,t,f,
2018-11-04 - Moncton Wildcats at Halifax Mooseheads,Jacob Hudson,1,455,5 on 5,Shot,Snapshot,0.0940405,f,170,44,t,36,3,f,f,left_pad
2018-11-04 - Moncton Wildcats at Halifax Mooseheads,Mika Cyr,1,403,5 on 5,Shot,Wristshot,0.0082432,f,130,53,t,17,6,f,f,right_pad
2018-11-04 - Moncton Wildcats at Halifax Mooseheads,Jacob Hudson,1,369,5 on 5,Shot,Wristshot,0.0243902,f,156,58,t,51,2,f,f,left_pad
2018-11-04 - Moncton Wildcats at Halifax Mooseheads,Jacob Hudson,1,367,5 on 5,Shot,Snapshot,0,f,181,65,t,62,11,f,f,blocker
2018-11-04 - Moncton Wildcats at Halifax Mooseheads,Brady Pataki,1,285,5 on 5,Shot,Wristshot,0.0223636,f,148,22,t,60,29,f,f,left_shoulder
2018-11-04 - Moncton Wildcats at Halifax Mooseheads,Mika Cyr,1,154,5 on 5,Shot,Wristshot,0.0016863,f,157,5,t,59,23,f,f,blocker
2018-11-04 - Moncton Wildcats at Halifax Mooseheads,Tristan De Jong,1,8,4 on 4,Shot,Wristshot,0,f,151,65,t,15,2,f,f,right_pad
2018-11-04 - Moncton Wildcats at Halifax Mooseheads,Jeremy McKenna,2,1175,4 on 3,Shot,Wristshot,0.0714286,f,157,32,f,,,f,f,
2018-11-04 - Moncton Wildcats at Halifax Mooseheads,Jordan Spence,2,1126,5 on 4,Shot,Slapshot,0.0171844,f,136,22,t,53,21,f,f,blocker
2018-11-04 - Moncton Wildcats at Halifax Mooseheads,Jordan Spence,2,1083,5 on 4,Shot,Wristshot,0.0059435,f,137,20,t,54,30,f,f,blocker
2018-11-04 - Moncton Wildcats at Halifax Mooseheads,Brady Pataki,2,1064,5 on 4,Shot,Wristshot,0,f,135,35,f,,,t,f,
2018-11-04 - Moncton Wildcats at Halifax Mooseheads,Tristan De Jong,2,1062,5 on 4,Shot,Wristshot,0.0189873,f,152,54,t,37,17,f,f,torso
2018-11-04 - Moncton Wildcats at Halifax Mooseheads,Kyle Foreman,2,1059,5 on 4,Shot,Wristshot,0.0276243,f,148,54,t,56,7,f,f,left_pad
2018-11-04 - Moncton Wildcats at Halifax Mooseheads,Ozzie King,2,1058,5 on 5,Shot,Snapshot,0.2354521,t,185,40,t,14,3,f,f,
2018-11-04 - Moncton Wildcats at Halifax Mooseheads,Gabriel Sylvestre,2,883,5 on 5,Shot,Wristshot,0.0064077,f,135,10,f,,,f,f,
2018-11-04 - Moncton Wildcats at Halifax Mooseheads,Jordan Spence,2,881,5 on 5,Shot,Wristshot,0.009828,f,167,80,f,,,t,f,
2018-11-04 - Moncton Wildcats at Halifax Mooseheads,Gabriel Sylvestre,2,849,5 on 5,Shot,Slapshot,0.0066574,f,126,74,f,,,t,f,
2018-11-04 - Moncton Wildcats at Halifax Mooseheads,Dylan Seitz,2,811,5 on 5,Shot,Wristshot,0.146883,f,163,45,f,,,f,f,
2018-11-04 - Moncton Wildcats at Halifax Mooseheads,Jeremy McKenna,2,675,5 on 5,Shot,Wristshot,0.0862069,f,159,62,t,14,33,f,f,right_shoulder
2018-11-04 - Moncton Wildcats at Halifax Mooseheads,Alexander Khovanov,2,609,5 on 5,Shot,Wristshot,0.0029586,f,137,2,t,46,1,f,f,stick
2018-11-04 - Moncton Wildcats at Halifax Mooseheads,Alexander Khovanov,2,602,5 on 5,Shot,Wristshot,0.0492483,f,162,59,f,,,t,f,
2018-11-04 - Moncton Wildcats at Halifax Mooseheads,Jack Tucker,2,546,5 on 5,Shot,Snapshot,0.0054808,f,137,84,t,57,2,f,f,left_pad
2018-11-04 - Moncton Wildcats at Halifax Mooseheads,Dylan Seitz,2,486,4 on 5,Shot,Wristshot,0.0538117,f,154,27,t,36,16,f,f,torso
2018-11-04 - Moncton Wildcats at Halifax Mooseheads,Brady Pataki,2,195,4 on 5,Shot,Wristshot,0.1086957,f,161,25,f,,,t,f,
2018-11-04 - Moncton Wildcats at Halifax Mooseheads,Sean Stewart,3,1142,5 on 5,Shot,Snapshot,0.0029586,f,158,2,f,,,f,f,
2018-11-04 - Moncton Wildcats at Halifax Mooseheads,Sean Stewart,3,1137,5 on 5,Shot,Snapshot,0.0043165,f,155,10,t,29,3,f,f,stick
2018-11-04 - Moncton Wildcats at Halifax Mooseheads,Jacob Hudson,3,1129,5 on 5,Shot,Wristshot,0.0066345,f,152,11,t,59,19,f,f,blocker
2018-11-04 - Moncton Wildcats at Halifax Mooseheads,Alexander Khovanov,3,1098,5 on 5,Shot,Wristshot,0.0066964,f,138,67,t,59,33,f,f,left_shoulder
2018-11-04 - Moncton Wildcats at Halifax Mooseheads,Jeremy McKenna,3,1025,5 on 5,Shot,Wristshot,0.0151577,f,161,78,f,,,f,f,
2018-11-04 - Moncton Wildcats at Halifax Mooseheads,Mika Cyr,3,1010,5 on 5,Shot,Wristshot,0.0053524,f,155,14,f,,,t,f,
2018-11-04 - Moncton Wildcats at Halifax Mooseheads,Jeremy McKenna,3,873,5 on 5,Shot,Wristshot,0.0223636,f,157,25,t,36,10,f,f,torso
2018-11-04 - Moncton Wildcats at Halifax Mooseheads,Tristan De Jong,3,869,5 on 5,Shot,Wristshot,0.0125721,f,129,23,t,17,32,f,f,glove
2018-11-04 - Moncton Wildcats at Halifax Mooseheads,Jeremy McKenna,3,828,5 on 5,Shot,Wristshot,0.160366,f,182,47,t,65,1,f,f,left_pad
2018-11-04 - Moncton Wildcats at Halifax Mooseheads,Jeremy McKenna,3,821,5 on 5,Shot,Snapshot,0.0256937,f,154,57,t,18,19,f,t,glove
2018-11-04 - Moncton Wildcats at Halifax Mooseheads,Gabriel Sylvestre,3,817,5 on 5,Shot,Wristshot,0.0054808,f,137,80,t,63,10,f,f,left_pad
2018-11-04 - Moncton Wildcats at Halifax Mooseheads,Jakob Pelletier,3,800,5 on 5,Shot,Wristshot,0.0111773,f,172,65,t,34,12,f,f,torso
2018-11-04 - Moncton Wildcats at Halifax Mooseheads,Jeremy McKenna,3,725,5 on 4,Shot,Wristshot,0.031746,f,156,55,t,13,21,f,f,glove
2018-11-04 - Moncton Wildcats at Halifax Mooseheads,Tristan De Jong,3,643,5 on 4,Shot,Slapshot,0.0264935,f,136,29,f,,,t,t,
2018-11-04 - Moncton Wildcats at Halifax Mooseheads,Gabriel Sylvestre,3,623,5 on 5,Shot,Slapshot,0.0293772,f,154,60,f,,,t,f,
2018-11-04 - Moncton Wildcats at Halifax Mooseheads,Jakob Pelletier,3,570,5 on 4,Shot,Deflection,0.2379913,f,181,40,t,11,2,f,t,right_pad
2018-11-04 - Moncton Wildcats at Halifax Mooseheads,Jeremy McKenna,3,566,5 on 4,Shot,Wristshot,0.029382,f,159,69,t,37,24,f,f,torso
2018-11-04 - Moncton Wildcats at Halifax Mooseheads,Jacob Hudson,3,555,5 on 4,Shot,Deflection,0.1403722,f,181,47,t,38,2,f,f,left_pad
2018-11-04 - Moncton Wildcats at Halifax Mooseheads,Jordan Spence,3,523,5 on 4,Shot,Slapshot,0.0264935,f,129,49,f,,,f,t,
2018-11-04 - Moncton Wildcats at Halifax Mooseheads,Jordan Spence,3,503,5 on 4,Shot,Slapshot,0.0264935,f,134,39,f,,,f,t,
2018-11-04 - Moncton Wildcats at Halifax Mooseheads,Jordan Spence,3,500,5 on 4,Shot,Snapshot,0.0526316,f,192,39,f,,,f,f,
2018-11-04 - Moncton Wildcats at Halifax Mooseheads,Jordan Spence,3,488,5 on 4,Shot,Slapshot,0.0264935,f,138,33,f,,,t,t,
2018-11-04 - Moncton Wildcats at Halifax Mooseheads,Dylan Seitz,3,159,5 on 5,Shot,Wristshot,0.0091438,f,185,66,f,,,t,f,
2018-11-04 - Moncton Wildcats at Halifax Mooseheads,Jeremy McKenna,3,131,5 on 5,Shot,Wristshot,0.0066964,f,140,69,t,40,0,f,f,stick
2018-11-04 - Moncton Wildcats at Halifax Mooseheads,Jeremy McKenna,3,120,6 on 5,Shot,Slapshot,0,f,175,14,f,,,t,t,
2018-11-04 - Moncton Wildcats at Halifax Mooseheads,Jordan Spence,3,115,6 on 5,Shot,Slapshot,0,f,141,3,t,57,2,t,f,left_pad
2018-11-04 - Moncton Wildcats at Halifax Mooseheads,Jacob Hudson,3,113,6 on 5,Shot,Snapshot,0.2470588,f,182,40,t,55,4,f,f,left_pad
2018-11-04 - Moncton Wildcats at Halifax Mooseheads,Jacob Hudson,3,112,6 on 5,Shot,Snapshot,0.2470588,t,184,38,t,2,12,f,f,
2018-11-04 - Moncton Wildcats at Halifax Mooseheads,Sean Stewart,3,51,5 on 5,Shot,Fan,0.0337079,f,146,14,f,,,t,t,
2018-11-04 - Moncton Wildcats at Halifax Mooseheads,Mika Cyr,4,196,3 on 3,Shot,Wristshot,0.0263158,f,152,30,t,43,4,f,f,left_pad
2018-11-04 - Moncton Wildcats at Halifax Mooseheads,Brady Pataki,4,163,3 on 3,Shot,Snapshot,0.0588235,f,175,29,t,36,11,f,f,torso
2018-11-04 - Moncton Wildcats at Halifax Mooseheads,Dylan Seitz,4,149,3 on 3,Shot,Fan,0.1041667,f,178,50,t,21,7,f,f,glove
2018-11-04 - Moncton Wildcats at Halifax Mooseheads,Jakob Pelletier,4,141,3 on 3,Shot,Wristshot,0.1640625,f,186,36,f,,,f,f,
2018-11-04 - Moncton Wildcats at Halifax Mooseheads,Jeremy McKenna,4,99,3 on 3,Shot,Wristshot,0.1568627,f,174,54,t,38,4,f,f,stick
2018-11-04 - Moncton Wildcats at Halifax Mooseheads,Jacob Hudson,4,87,3 on 3,Shot,Wristshot,0.1640625,f,188,48,f,,,f,f,
2018-11-04 - Moncton Wildcats at Halifax Mooseheads,Jacob Hudson,4,82,3 on 3,Shot,Wristshot,0,f,140,38,f,,,t,f,
2018-11-04 - Moncton Wildcats at Halifax Mooseheads,Jacob Hudson,4,61,3 on 3,Shot,Wristshot,0.1041667,f,176,57,t,18,7,f,f,right_pad
2018-11-04 - Moncton Wildcats at Halifax Mooseheads,Alexander Khovanov,4,50,3 on 3,Shot,Snapshot,0.0769231,f,168,27,t,63,21,f,f,blocker
2018-11-04 - Moncton Wildcats at Halifax Mooseheads,Alexander Khovanov,4,33,3 on 3,Shot,Wristshot,0.0588235,t,176,34,t,14,25,f,f,
2018-11-04 - Moncton Wildcats at Halifax Mooseheads,Jared McIsaac,1,1092,5 on 5,Shot,Snapshot,0.0125721,f,128,34,t,12,22,f,f,blocker
2018-11-04 - Moncton Wildcats at Halifax Mooseheads,Arnaud Durandeau,1,1071,5 on 5,Shot,Snapshot,0.2454545,f,182,53,t,53,0,f,t,stick
2018-11-04 - Moncton Wildcats at Halifax Mooseheads,Justin Barron,1,1047,5 on 5,Shot,Slapshot,0.0125721,f,141,58,f,,,f,f,
2018-11-04 - Moncton Wildcats at Halifax Mooseheads,Denis Toner,1,927,5 on 5,Shot,Wristshot,0.0064077,f,134,12,t,19,0,f,f,right_pad
2018-11-04 - Moncton Wildcats at Halifax Mooseheads,Samuel Asselin,1,857,5 on 5,Shot,Wristshot,0.0223636,f,147,32,t,56,20,f,f,glove
2018-11-04 - Moncton Wildcats at Halifax Mooseheads,Jake Ryczek,1,850,5 on 5,Shot,Wristshot,0.0054808,f,148,77,t,23,2,f,f,right_pad
2018-11-04 - Moncton Wildcats at Halifax Mooseheads,Marcel Barinka,1,781,5 on 5,Shot,Wristshot,0.0223636,f,148,30,f,,,t,f,
2018-11-04 - Moncton Wildcats at Halifax Mooseheads,Raphael Lavoie,1,706,5 on 5,Shot,Snapshot,0.160366,f,183,36,t,13,0,f,f,right_pad
2018-11-04 - Moncton Wildcats at Halifax Mooseheads,Raphael Lavoie,1,701,5 on 5,Shot,Wristshot,0.0108108,f,177,18,t,19,20,f,f,torso
2018-11-04 - Moncton Wildcats at Halifax Mooseheads,Arnaud Durandeau,1,700,5 on 5,Shot,Snapshot,0.2354521,f,181,36,t,57,0,f,f,left_pad
2018-11-04 - Moncton Wildcats at Halifax Mooseheads,Xavier Parent,1,604,5 on 5,Shot,Deflection,0.1141884,f,181,40,f,,,f,f,
2018-11-04 - Moncton Wildcats at Halifax Mooseheads,Samuel Asselin,1,595,5 on 5,Shot,Wristshot,0.0389864,f,182,21,f,,,t,f,
2018-11-04 - Moncton Wildcats at Halifax Mooseheads,Joel Bishop,1,560,5 on 5,Shot,Wristshot,0,f,137,15,f,,,f,f,
2018-11-04 - Moncton Wildcats at Halifax Mooseheads,Jake Ryczek,1,542,5 on 5,Shot,Wristshot,0.0368421,f,189,53,f,,,f,f,
2018-11-04 - Moncton Wildcats at Halifax Mooseheads,Ostap Safin,1,485,5 on 5,Shot,Wristshot,0.0324879,f,151,28,t,55,24,f,f,glove
2018-11-04 - Moncton Wildcats at Halifax Mooseheads,Arnaud Durandeau,1,468,5 on 4,Shot,Wristshot,0.1096257,f,165,49,t,36,23,f,f,torso
2018-11-04 - Moncton Wildcats at Halifax Mooseheads,Benoit-Olivier Groulx,1,467,5 on 4,Shot,Wristshot,0.2379368,t,182,44,t,35,2,f,f,
2018-11-04 - Moncton Wildcats at Halifax Mooseheads,Samuel Asselin,1,440,5 on 5,Shot,Wristshot,0.0226357,f,155,29,t,57,6,f,f,left_pad
2018-11-04 - Moncton Wildcats at Halifax Mooseheads,Raphael Lavoie,1,390,5 on 5,Shot,Wristshot,0.0112179,f,159,74,f,,,t,f,
2018-11-04 - Moncton Wildcats at Halifax Mooseheads,Benoit-Olivier Groulx,1,294,5 on 5,Shot,Snapshot,0.1141884,f,182,41,t,36,1,f,f,stick
2018-11-04 - Moncton Wildcats at Halifax Mooseheads,Patrick Kyte,1,96,5 on 5,Shot,Wristshot,0.0027397,f,147,71,f,,,t,f,
2018-11-04 - Moncton Wildcats at Halifax Mooseheads,Samuel Asselin,1,1,4 on 4,Shot,Wristshot,0.0810811,f,175,33,t,57,10,f,f,glove
2018-11-04 - Moncton Wildcats at Halifax Mooseheads,Ostap Safin,2,1041,5 on 5,Shot,Wristshot,0.012758,f,173,19,t,53,24,f,f,glove
2018-11-04 - Moncton Wildcats at Halifax Mooseheads,Patrick Kyte,2,1002,5 on 5,Shot,Wristshot,0.0144144,f,163,17,f,,,t,f,
2018-11-04 - Moncton Wildcats at Halifax Mooseheads,Raphael Lavoie,2,986,5 on 5,Shot,Wristshot,0.056846,f,178,32,f,,,f,f,
2018-11-04 - Moncton Wildcats at Halifax Mooseheads,Justin Barron,2,983,5 on 5,Shot,Wristshot,0.0054808,f,131,81,f,,,f,f,
2018-11-04 - Moncton Wildcats at Halifax Mooseheads,Antoine Morand,2,968,5 on 5,Shot,Wristshot,0.0066345,f,154,8,f,,,f,f,
2018-11-04 - Moncton Wildcats at Halifax Mooseheads,Justin Barron,2,938,5 on 5,Shot,Wristshot,0.0125721,f,136,37,t,52,24,f,f,glove
2018-11-04 - Moncton Wildcats at Halifax Mooseheads,Xavier Parent,2,777,5 on 5,Shot,Snapshot,0.0555329,f,165,46,f,,,t,f,
2018-11-04 - Moncton Wildcats at Halifax Mooseheads,Jared McIsaac,2,740,5 on 5,Shot,Slapshot,0.0064077,f,131,11,f,,,t,f,
2018-11-04 - Moncton Wildcats at Halifax Mooseheads,Raphael Lavoie,2,692,5 on 5,Shot,Snapshot,0.0512821,f,151,49,f,,,f,t,
2018-11-04 - Moncton Wildcats at Halifax Mooseheads,Denis Toner,2,655,5 on 5,Shot,Wristshot,0.0049881,f,141,4,f,,,f,f,
2018-11-04 - Moncton Wildcats at Halifax Mooseheads,Justin Barron,2,530,5 on 5,Shot,Wristshot,0.001705,f,128,79,t,37,11,f,f,torso
2018-11-04 - Moncton Wildcats at Halifax Mooseheads,Marcel Barinka,2,450,5 on 4,Shot,Snapshot,0.1939394,f,184,33,f,,,f,t,
2018-11-04 - Moncton Wildcats at Halifax Mooseheads,Ostap Safin,2,442,5 on 4,Shot,Wristshot,0.022646,f,161,13,t,37,25,f,f,torso
2018-11-04 - Moncton Wildcats at Halifax Mooseheads,Justin Barron,2,435,5 on 4,Shot,Slapshot,0,f,136,14,f,,,t,t,
2018-11-04 - Moncton Wildcats at Halifax Mooseheads,Marcel Barinka,2,419,5 on 4,Shot,Snapshot,0.0775296,f,188,35,t,9,1,f,f,stick
2018-11-04 - Moncton Wildcats at Halifax Mooseheads,Raphael Lavoie,2,407,5 on 5,Shot,Wristshot,0.0434783,f,163,30,f,,,f,f,
2018-11-04 - Moncton Wildcats at Halifax Mooseheads,Walter Flower,2,404,5 on 5,Shot,Wristshot,0.0015373,f,144,81,t,16,3,f,f,right_pad
2018-11-04 - Moncton Wildcats at Halifax Mooseheads,Raphael Lavoie,2,364,5 on 5,Shot,Wristshot,0.0304916,f,179,52,t,18,2,f,f,right_pad
2018-11-04 - Moncton Wildcats at Halifax Mooseheads,Patrick Kyte,2,360,5 on 5,Shot,Wristshot,0.0529595,f,162,24,t,56,3,f,f,left_pad
2018-11-04 - Moncton Wildcats at Halifax Mooseheads,Antoine Morand,2,359,5 on 5,Shot,Snapshot,0.2354521,f,184,44,t,60,1,f,f,left_pad
2018-11-04 - Moncton Wildcats at Halifax Mooseheads,Walter Flower,2,354,5 on 5,Shot,Wristshot,0.0125721,f,139,60,t,53,1,f,f,left_pad
2018-11-04 - Moncton Wildcats at Halifax Mooseheads,Arnaud Durandeau,2,353,5 on 5,Shot,Fan,0.1143984,f,183,37,f,,,f,f,
2018-11-04 - Moncton Wildcats at Halifax Mooseheads,Xavier Parent,2,338,5 on 5,Shot,Wristshot,0.0029586,f,151,5,t,3,1,f,f,stick
2018-11-04 - Moncton Wildcats at Halifax Mooseheads,Benoit-Olivier Groulx,2,270,5 on 5,Shot,Snapshot,0.1141884,f,178,49,f,,,f,f,
2018-11-04 - Moncton Wildcats at Halifax Mooseheads,Jordan Maher,2,255,5 on 5,Shot,Fan,0.056846,f,187,31,f,,,f,f,
2018-11-04 - Moncton Wildcats at Halifax Mooseheads,Denis Toner,2,240,6 on 5,Shot,Wristshot,0,f,142,5,t,14,30,f,f,blocker
2018-11-04 - Moncton Wildcats at Halifax Mooseheads,Jordan Maher,2,235,6 on 5,Shot,Fan,0.106383,f,184,35,t,18,12,f,f,torso
2018-11-04 - Moncton Wildcats at Halifax Mooseheads,Raphael Lavoie,2,203,5 on 4,Shot,Wristshot,0.0515464,f,162,18,f,,,t,f,glove
2018-11-04 - Moncton Wildcats at Halifax Mooseheads,Arnaud Durandeau,2,180,5 on 4,Shot,Wristshot,0.0775296,f,178,34,t,27,35,f,f,right_shoulder
2018-11-04 - Moncton Wildcats at Halifax Mooseheads,Raphael Lavoie,2,169,5 on 4,Shot,Wristshot,0.0376569,f,157,21,t,56,2,f,f,left_pad
2018-11-04 - Moncton Wildcats at Halifax Mooseheads,Samuel Asselin,2,168,5 on 4,Shot,Snapshot,0.2379368,t,183,45,t,62,3,f,f,
2018-11-04 - Moncton Wildcats at Halifax Mooseheads,Raphael Lavoie,2,111,5 on 4,Shot,Snapshot,0.1091703,f,174,40,t,50,1,f,f,glove
2018-11-04 - Moncton Wildcats at Halifax Mooseheads,Arnaud Durandeau,2,110,5 on 4,Shot,Fan,0.1676647,f,185,34,f,,,f,f,
2018-11-04 - Moncton Wildcats at Halifax Mooseheads,Arnaud Durandeau,2,109,5 on 4,Shot,Snapshot,0.0434783,f,191,39,f,,,f,f,
2018-11-04 - Moncton Wildcats at Halifax Mooseheads,Joel Bishop,2,36,5 on 5,Shot,Fan,0.2703252,f,181,38,f,,,f,t,
2018-11-04 - Moncton Wildcats at Halifax Mooseheads,Xavier Parent,2,35,5 on 5,Shot,Snapshot,0.1141884,f,186,48,t,69,2,f,f,left_pad
2018-11-04 - Moncton Wildcats at Halifax Mooseheads,Justin Barron,3,1177,5 on 5,Shot,Fan,0.001705,f,128,77,f,,,f,f,
2018-11-04 - Moncton Wildcats at Halifax Mooseheads,Arnaud Durandeau,3,1175,5 on 5,Shot,Deflection,0.1141884,f,183,45,t,62,4,f,f,left_pad
2018-11-04 - Moncton Wildcats at Halifax Mooseheads,Ostap Safin,3,1064,5 on 5,Shot,Snapshot,0.0057351,f,152,78,t,25,4,f,f,stick
2018-11-04 - Moncton Wildcats at Halifax Mooseheads,Ben Higgins,3,1036,5 on 5,Shot,Snapshot,0.0222652,f,180,18,f,,,f,f,
2018-11-04 - Moncton Wildcats at Halifax Mooseheads,Samuel Asselin,3,946,5 on 5,Shot,Snapshot,0.0555329,f,162,42,t,47,5,f,f,left_pad
2018-11-04 - Moncton Wildcats at Halifax Mooseheads,Arnaud Durandeau,3,844,5 on 5,Shot,Fan,0.0304916,f,179,51,f,,,t,f,
2018-11-04 - Moncton Wildcats at Halifax Mooseheads,Patrick Kyte,3,837,5 on 5,Shot,Wristshot,0.0064077,f,134,6,t,59,28,f,f,glove
2018-11-04 - Moncton Wildcats at Halifax Mooseheads,Arnaud Durandeau,3,782,5 on 5,Shot,Wristshot,0.0223636,f,146,62,t,45,26,f,f,torso
2018-11-04 - Moncton Wildcats at Halifax Mooseheads,Raphael Lavoie,3,781,5 on 5,Shot,Snapshot,0.2354521,f,178,43,f,,,f,f,
2018-11-04 - Moncton Wildcats at Halifax Mooseheads,Arnaud Durandeau,3,775,5 on 5,Shot,Wristshot,0.0584615,f,180,53,t,50,18,f,f,torso
2018-11-04 - Moncton Wildcats at Halifax Mooseheads,Samuel Asselin,3,368,4 on 5,Shot,Snapshot,0.1853389,f,174,48,f,,,f,f,
2018-11-04 - Moncton Wildcats at Halifax Mooseheads,Jordan Maher,3,359,4 on 5,Shot,Snapshot,0,f,161,12,f,,,f,f,
2018-11-04 - Moncton Wildcats at Halifax Mooseheads,Raphael Lavoie,3,330,5 on 5,Shot,Fan,0.0324879,f,146,26,f,,,f,f,
2018-11-04 - Moncton Wildcats at Halifax Mooseheads,Walter Flower,3,312,5 on 5,Shot,Slapshot,0.0054808,f,141,80,f,,,f,f,
2018-11-04 - Moncton Wildcats at Halifax Mooseheads,Patrick Kyte,3,309,5 on 5,Shot,Slapshot,0.0064077,f,132,12,f,,,f,f,
2018-11-04 - Moncton Wildcats at Halifax Mooseheads,Joel Bishop,3,232,5 on 5,Shot,Fan,0.1059783,f,174,32,f,,,f,t,
2018-11-04 - Moncton Wildcats at Halifax Mooseheads,Antoine Morand,3,145,5 on 5,Shot,Wristshot,0.012758,f,170,9,t,37,16,f,f,torso
2018-11-04 - Moncton Wildcats at Halifax Mooseheads,Antoine Morand,3,81,5 on 5,Shot,Wristshot,0.0070883,f,150,16,f,,,f,f,
2018-11-04 - Moncton Wildcats at Halifax Mooseheads,Jordan Maher,3,42,5 on 5,Shot,Snapshot,0.0512821,f,156,33,t,36,33,f,t,torso
2018-11-04 - Moncton Wildcats at Halifax Mooseheads,Patrick Kyte,3,35,5 on 5,Shot,Slapshot,0.0071344,f,133,20,f,,,t,t,
2018-11-04 - Moncton Wildcats at Halifax Mooseheads,Samuel Asselin,4,117,3 on 3,Shot,Wristshot,0.1166667,f,158,49,f,,,t,f,
2018-11-01 - Kootenay Ice at Saskatoon Blades,Martin Bodak,1,1189,5 on 5,Shot,Wristshot,0.0192308,f,151,59,f,,,t,f,
2018-11-01 - Kootenay Ice at Saskatoon Blades,Jonathan Smart,1,1016,5 on 5,Shot,Slapshot,0.0125721,f,131,48,t,60,4,f,f,left_pad
2018-11-01 - Kootenay Ice at Saskatoon Blades,Martin Bodak,1,955,5 on 4,Shot,Wristshot,0.0171844,f,140,55,t,56,9,f,f,left_pad
2018-11-01 - Kootenay Ice at Saskatoon Blades,Brett Davis,1,916,5 on 4,Shot,Slapshot,0.0309278,f,150,65,t,25,1,f,t,right_pad
2018-11-01 - Kootenay Ice at Saskatoon Blades,Cameron Hausinger,1,915,5 on 4,Shot,Fan,0.1940299,f,166,43,f,,,t,f,
2018-11-01 - Kootenay Ice at Saskatoon Blades,Jaeger White,1,820,5 on 5,Shot,Wristshot,0.0029586,f,141,3,f,,,t,f,
2018-11-01 - Kootenay Ice at Saskatoon Blades,Jaeger White,1,814,5 on 5,Shot,Wristshot,0.0226357,f,146,49,f,,,t,f,
2018-11-01 - Kootenay Ice at Saskatoon Blades,Brett Davis,1,722,5 on 5,Shot,Wristshot,0.0223636,f,144,39,f,,,t,f,
2018-11-01 - Kootenay Ice at Saskatoon Blades,Blake Allan,1,569,5 on 5,Shot,Wristshot,0.0492483,f,165,57,t,55,28,f,f,torso
2018-11-01 - Kootenay Ice at Saskatoon Blades,Cameron Hausinger,1,563,5 on 5,Shot,Deflection,0.0555329,f,168,47,f,,,f,f,
2018-11-01 - Kootenay Ice at Saskatoon Blades,Jonathan Smart,1,522,5 on 5,Shot,Wristshot,0.0265487,f,155,25,f,,,t,f,
2018-11-01 - Kootenay Ice at Saskatoon Blades,Jaeger White,1,512,5 on 5,Shot,Wristshot,0,f,141,12,t,13,1,f,f,blocker
2018-11-01 - Kootenay Ice at Saskatoon Blades,Peyton Krebs,1,451,5 on 5,Shot,Wristshot,0.0151577,f,171,65,t,30,42,f,f,right_shoulder
2018-11-01 - Kootenay Ice at Saskatoon Blades,Nicholas Bowman,1,450,5 on 5,Shot,Snapshot,0.2354521,t,181,44,t,2,37,f,f,
2018-11-01 - Kootenay Ice at Saskatoon Blades,Brett Davis,1,155,5 on 5,Shot,Snapshot,0.0223636,f,145,36,f,,,t,f,
2018-11-01 - Kootenay Ice at Saskatoon Blades,Brad Ginnell,1,150,5 on 5,Shot,Wristshot,0.1141884,f,182,46,f,,,f,f,
2018-11-01 - Kootenay Ice at Saskatoon Blades,Loeden Schaufler,1,138,5 on 5,Shot,Wristshot,0.0066574,f,129,66,t,50,23,f,f,torso
2018-11-01 - Kootenay Ice at Saskatoon Blades,Dallas Hines,1,116,5 on 5,Shot,Slapshot,0.0049881,f,144,5,f,,,f,f,
2018-11-01 - Kootenay Ice at Saskatoon Blades,Martin Bodak,1,113,5 on 5,Shot,Slapshot,0.0066574,f,132,76,t,20,45,f,f,blocker
2018-11-01 - Kootenay Ice at Saskatoon Blades,Cameron Hausinger,1,40,5 on 5,Shot,Wristshot,0.0222652,f,181,15,t,5,24,f,f,blocker
2018-11-01 - Kootenay Ice at Saskatoon Blades,Brad Ginnell,2,983,5 on 5,Shot,Snapshot,0.0019608,f,141,9,t,46,1,f,f,stick
2018-11-01 - Kootenay Ice at Saskatoon Blades,Brett Davis,2,981,5 on 5,Shot,Wristshot,0,f,188,73,t,38,1,f,f,stick
2018-11-01 - Kootenay Ice at Saskatoon Blades,Brad Ginnell,2,980,5 on 5,Shot,Snapshot,0.0884956,f,164,21,f,,,t,f,
2018-11-01 - Kootenay Ice at Saskatoon Blades,Zachary Patrick,2,787,5 on 5,Shot,Wristshot,0.0119093,f,151,10,t,1,24,f,f,blocker
2018-11-01 - Kootenay Ice at Saskatoon Blades,Peyton Krebs,2,725,5 on 4,Shot,Wristshot,0.049728,f,162,23,f,,,t,f,
2018-11-01 - Kootenay Ice at Saskatoon Blades,Nicholas Bowman,2,600,5 on 5,Shot,Wristshot,0.0226357,f,146,54,t,19,14,f,f,blocker
2018-11-01 - Kootenay Ice at Saskatoon Blades,Cameron Hausinger,2,495,5 on 5,Shot,Wristshot,0.0223636,f,151,63,f,,,t,f,
2018-11-01 - Kootenay Ice at Saskatoon Blades,Cameron Hausinger,2,454,5 on 5,Shot,Fan,0.0555329,f,160,40,f,,,f,f,
2018-11-01 - Kootenay Ice at Saskatoon Blades,Jordan Chudley,2,422,5 on 5,Shot,Wristshot,0.0265487,f,147,25,f,,,f,f,
2018-11-01 - Kootenay Ice at Saskatoon Blades,Davis Murray,2,371,5 on 5,Shot,Wristshot,0.0151577,f,161,72,t,37,17,f,f,blocker
2018-11-01 - Kootenay Ice at Saskatoon Blades,Jaeger White,2,102,5 on 5,Shot,Wristshot,0.0066964,f,138,74,t,50,19,f,f,torso
2018-11-01 - Kootenay Ice at Saskatoon Blades,Nicholas Bowman,2,86,5 on 5,Shot,Wristshot,0.0223636,f,146,62,f,,,t,f,
2018-11-01 - Kootenay Ice at Saskatoon Blades,Brett Davis,2,6,5 on 5,Shot,Snapshot,0.0291363,f,160,27,t,51,20,f,f,glove
2018-11-01 - Kootenay Ice at Saskatoon Blades,Brett Davis,2,4,5 on 5,Shot,Fan,0.06639,f,186,29,f,,,f,f,
2018-11-01 - Kootenay Ice at Saskatoon Blades,Brad Ginnell,3,1192,5 on 5,Shot,Wristshot,0.0062344,f,140,35,t,59,35,f,f,glove
2018-11-01 - Kootenay Ice at Saskatoon Blades,Cole Muir,3,1123,5 on 5,Shot,Snapshot,0.0053524,f,145,12,t,42,5,f,f,stick
2018-11-01 - Kootenay Ice at Saskatoon Blades,Davis Murray,3,1080,5 on 5,Shot,Wristshot,0.0124402,f,176,73,t,38,3,f,f,stick
2018-11-01 - Kootenay Ice at Saskatoon Blades,Jordan Chudley,3,1077,5 on 5,Shot,Slapshot,0.0119093,f,143,18,f,,,f,f,
2018-11-01 - Kootenay Ice at Saskatoon Blades,Zachary Patrick,3,1066,5 on 5,Shot,Wristshot,0.0125721,f,139,51,f,,,t,f,
2018-11-01 - Kootenay Ice at Saskatoon Blades,Cameron Hausinger,3,1036,5 on 5,Shot,Wristshot,0.0223636,f,147,48,f,,,t,f,
2018-11-01 - Kootenay Ice at Saskatoon Blades,Cameron Hausinger,3,1034,5 on 5,Shot,Wristshot,0.0553299,f,171,32,t,20,31,f,f,head
2018-11-01 - Kootenay Ice at Saskatoon Blades,Brett Davis,3,1022,5 on 5,Shot,Snapshot,0.197491,f,184,47,t,50,7,f,t,left_pad
2018-11-01 - Kootenay Ice at Saskatoon Blades,Brad Ginnell,3,839,5 on 5,Shot,Wristshot,0.0492483,t,164,53,t,2,12,f,f,
2018-11-01 - Kootenay Ice at Saskatoon Blades,Peyton Krebs,3,717,5 on 5,Shot,Wristshot,0.0837401,f,170,23,t,55,22,f,f,glove
2018-11-01 - Kootenay Ice at Saskatoon Blades,Blake Allan,3,715,5 on 5,Shot,Snapshot,0.1293103,f,170,42,t,45,13,f,f,left_pad
2018-11-01 - Kootenay Ice at Saskatoon Blades,Jaeger White,3,630,5 on 5,Shot,Wristshot,0.0649293,t,183,50,t,64,32,f,f,
2018-11-01 - Kootenay Ice at Saskatoon Blades,Dallas Hines,3,605,5 on 5,Shot,Slapshot,0.0125721,f,138,23,f,,,f,f,
2018-11-01 - Kootenay Ice at Saskatoon Blades,Martin Bodak,3,603,5 on 5,Shot,Wristshot,0.0015373,f,142,81,t,17,30,f,f,blocker
2018-11-01 - Kootenay Ice at Saskatoon Blades,Cameron Hausinger,3,598,5 on 5,Shot,Wristshot,0.0492483,f,171,59,t,62,5,f,f,left_pad
2018-11-01 - Kootenay Ice at Saskatoon Blades,Cole Muir,3,534,5 on 5,Shot,Wristshot,0.0553299,f,169,28,t,45,6,f,f,left_pad
2018-11-01 - Kootenay Ice at Saskatoon Blades,Nicholas Bowman,3,420,5 on 5,Shot,Wristshot,0.0057351,f,146,76,t,49,35,f,f,glove
2018-11-01 - Kootenay Ice at Saskatoon Blades,Jakin Smallwood,3,413,5 on 5,Shot,Wristshot,0.0226357,f,146,49,f,,,t,f,
2018-11-01 - Kootenay Ice at Saskatoon Blades,Davis Murray,3,410,5 on 5,Shot,Fan,0.0099585,f,178,7,f,,,t,f,
2018-11-01 - Kootenay Ice at Saskatoon Blades,Jonathan Smart,3,303,5 on 5,Shot,Wristshot,0.0049881,f,128,3,f,,,f,f,
2018-11-01 - Kootenay Ice at Saskatoon Blades,Cameron Hausinger,3,267,5 on 5,Shot,Wristshot,0.010574,f,148,68,f,,,t,f,
2018-11-01 - Kootenay Ice at Saskatoon Blades,Cole Muir,3,218,5 on 5,Shot,Wristshot,0.0837401,f,168,33,t,57,2,f,f,left_pad
2018-11-01 - Kootenay Ice at Saskatoon Blades,Martin Bodak,3,206,5 on 5,Shot,Wristshot,0.0066574,f,140,78,t,42,30,f,f,torso
2018-11-01 - Kootenay Ice at Saskatoon Blades,Cole Muir,3,205,5 on 5,Shot,Wristshot,0.1149425,f,187,50,f,,,f,f,
2018-11-01 - Kootenay Ice at Saskatoon Blades,Peyton Krebs,3,189,5 on 5,Shot,Wristshot,0.160366,f,178,49,t,29,4,f,f,stick
2018-11-01 - Kootenay Ice at Saskatoon Blades,Brad Ginnell,3,105,5 on 5,Shot,Wristshot,0.007428,f,159,11,f,,,t,f,
2018-11-01 - Kootenay Ice at Saskatoon Blades,Peyton Krebs,3,65,5 on 5,Shot,Wristshot,0.0940405,t,168,40,t,34,4,f,f,
2018-11-01 - Kootenay Ice at Saskatoon Blades,Gary Haden,1,1142,5 on 5,Shot,Wristshot,0.0553299,f,171,25,t,41,30,f,f,torso
2018-11-01 - Kootenay Ice at Saskatoon Blades,Josh Paterson,1,1135,5 on 5,Shot,Deflection,0.0291363,f,171,31,f,,,f,f,
2018-11-01 - Kootenay Ice at Saskatoon Blades,Kirby Dach,1,998,5 on 5,Shot,Slapshot,0.0512821,f,147,25,t,56,1,f,t,left_pad
2018-11-01 - Kootenay Ice at Saskatoon Blades,Eric Florchuk,1,992,5 on 5,Shot,Wristshot,0.0301508,f,160,51,f,,,f,f,
2018-11-01 - Kootenay Ice at Saskatoon Blades,Seth Bafaro,1,856,5 on 5,Shot,Slapshot,0.0066477,f,160,65,t,59,23,f,f,torso
2018-11-01 - Kootenay Ice at Saskatoon Blades,Kristian Roykas Marthinsen,1,845,5 on 5,Shot,Wristshot,0.0324879,f,154,59,t,19,37,f,f,blocker
2018-11-01 - Kootenay Ice at Saskatoon Blades,Dawson Davidson,1,767,5 on 5,Shot,Wristshot,0.0125721,f,133,61,t,17,38,f,f,blocker
2018-11-01 - Kootenay Ice at Saskatoon Blades,Seth Bafaro,1,626,5 on 5,Shot,Wristshot,0.0119093,f,142,12,f,,,f,f,
2018-11-01 - Kootenay Ice at Saskatoon Blades,Max Gerlach,1,614,5 on 5,Shot,Wristshot,0.007371,f,129,19,t,67,31,f,f,glove
2018-11-01 - Kootenay Ice at Saskatoon Blades,Gary Haden,1,548,5 on 5,Shot,Wristshot,0.012758,f,169,14,f,,,f,f,
2018-11-01 - Kootenay Ice at Saskatoon Blades,Kristian Roykas Marthinsen,1,496,5 on 5,Shot,Wristshot,0.0835031,t,178,41,t,54,38,f,f,
2018-11-01 - Kootenay Ice at Saskatoon Blades,Eric Florchuk,1,431,5 on 5,Shot,Wristshot,0.0301508,f,172,60,t,66,32,f,f,glove
2018-11-01 - Kootenay Ice at Saskatoon Blades,Jackson Caller,1,413,5 on 5,Shot,Wristshot,0.0049881,f,131,5,f,,,t,f,
2018-11-01 - Kootenay Ice at Saskatoon Blades,Jackson Caller,1,407,5 on 5,Shot,Wristshot,0.0049881,f,138,5,f,,,t,f,
2018-11-01 - Kootenay Ice at Saskatoon Blades,Eric Florchuk,1,391,5 on 5,Shot,Fan,0.0795229,f,161,34,f,,,f,t,
2018-11-01 - Kootenay Ice at Saskatoon Blades,Seth Bafaro,1,355,5 on 5,Shot,Wristshot,0.0125721,f,134,48,t,19,1,f,f,right_pad
2018-11-01 - Kootenay Ice at Saskatoon Blades,Brady Nicholas,1,354,5 on 5,Shot,Wristshot,0.1143984,f,178,38,f,,,t,f,
2018-11-01 - Kootenay Ice at Saskatoon Blades,Kirby Dach,1,248,5 on 4,Shot,Wristshot,0.0480379,f,170,59,f,,,f,f,
2018-11-01 - Kootenay Ice at Saskatoon Blades,Max Gerlach,1,238,5 on 4,Shot,Slapshot,0.049728,f,161,24,f,,,f,f,
2018-11-01 - Kootenay Ice at Saskatoon Blades,Kirby Dach,1,235,5 on 4,Shot,Wristshot,0.029382,f,164,77,f,,,f,f,
2018-11-01 - Kootenay Ice at Saskatoon Blades,Eric Florchuk,1,86,5 on 5,Shot,Wristshot,0.0595065,f,181,25,t,4,1,f,f,right_pad
2018-11-01 - Kootenay Ice at Saskatoon Blades,Riley McKay,1,16,5 on 5,Shot,Wristshot,0.0291363,f,166,30,f,,,f,f,
2018-11-01 - Kootenay Ice at Saskatoon Blades,Jackson Caller,1,9,5 on 5,Shot,Wristshot,0.0049881,f,157,3,t,48,31,f,f,glove
2018-11-01 - Kootenay Ice at Saskatoon Blades,Riley McKay,1,7,5 on 5,Shot,Snapshot,0.2354521,f,189,38,t,19,1,f,f,right_pad
2018-11-01 - Kootenay Ice at Saskatoon Blades,Brandon Schuldhaus,2,1183,5 on 5,Shot,Wristshot,0.0125721,f,140,50,f,,,t,f,
2018-11-01 - Kootenay Ice at Saskatoon Blades,Jackson Caller,2,1112,5 on 5,Shot,Snapshot,0.0049881,f,147,2,t,48,22,f,f,glove
2018-11-01 - Kootenay Ice at Saskatoon Blades,Kristian Roykas Marthinsen,2,1089,5 on 5,Shot,Snapshot,0.0555329,f,172,49,f,,,t,f,
2018-11-01 - Kootenay Ice at Saskatoon Blades,Brandon Schuldhaus,2,1006,5 on 5,Shot,Snapshot,0.0092838,f,129,2,t,46,5,f,t,left_pad
2018-11-01 - Kootenay Ice at Saskatoon Blades,Josh Paterson,2,927,5 on 5,Shot,Wristshot,0.0555329,f,168,39,t,41,13,f,f,glove
2018-11-01 - Kootenay Ice at Saskatoon Blades,Riley McKay,2,918,5 on 5,Shot,Wristshot,0.0291363,f,162,27,f,,,t,f,
2018-11-01 - Kootenay Ice at Saskatoon Blades,Tristen Robins,2,875,5 on 5,Shot,Fan,0.0099875,f,132,79,f,,,f,f,
2018-11-01 - Kootenay Ice at Saskatoon Blades,Chase Wouters,2,813,5 on 5,Shot,Snapshot,0.1083521,f,172,54,t,59,1,f,t,left_pad
2018-11-01 - Kootenay Ice at Saskatoon Blades,Dawson Davidson,2,774,4 on 5,Shot,Wristshot,0.047619,f,157,47,t,47,24,f,f,torso
2018-11-01 - Kootenay Ice at Saskatoon Blades,Seth Bafaro,2,638,5 on 5,Shot,Wristshot,0.0125721,f,139,62,f,,,f,f,
2018-11-01 - Kootenay Ice at Saskatoon Blades,Max Gerlach,2,567,5 on 5,Shot,Wristshot,0.0223636,f,148,29,f,,,t,f,
2018-11-01 - Kootenay Ice at Saskatoon Blades,Eric Florchuk,2,554,5 on 5,Shot,Snapshot,0.0301508,f,170,55,f,,,t,f,
2018-11-01 - Kootenay Ice at Saskatoon Blades,Zach Huber,2,482,5 on 5,Shot,Wristshot,0.0555329,f,165,48,f,,,f,f,
2018-11-01 - Kootenay Ice at Saskatoon Blades,Jackson Caller,2,445,5 on 5,Shot,Wristshot,0.0144144,f,159,18,f,,,t,f,
2018-11-01 - Kootenay Ice at Saskatoon Blades,Riley McKay,2,441,5 on 5,Shot,Snapshot,0.0304916,f,175,60,f,,,t,f,
2018-11-01 - Kootenay Ice at Saskatoon Blades,Chase Wouters,2,400,5 on 5,Shot,Wristshot,0.0027082,f,152,74,t,50,17,f,f,torso
2018-11-01 - Kootenay Ice at Saskatoon Blades,Emil Malysjev,2,396,5 on 5,Shot,Snapshot,0.0616438,f,159,54,t,30,3,f,f,right_pad
2018-11-01 - Kootenay Ice at Saskatoon Blades,Eric Florchuk,2,320,5 on 5,Shot,Wristshot,0.007428,f,170,10,t,13,19,f,f,torso
2018-11-01 - Kootenay Ice at Saskatoon Blades,Jackson Caller,2,317,5 on 5,Shot,Wristshot,0.0125721,f,130,42,f,,,f,f,
2018-11-01 - Kootenay Ice at Saskatoon Blades,Tristen Robins,2,282,5 on 5,Shot,Wristshot,0.0226357,f,150,54,f,,,t,f,
2018-11-01 - Kootenay Ice at Saskatoon Blades,Zach Huber,2,239,5 on 5,Shot,Snapshot,0.0099875,f,134,78,t,26,3,f,f,stick
2018-11-01 - Kootenay Ice at Saskatoon Blades,Chase Wouters,2,206,5 on 5,Shot,Snapshot,0.197491,f,179,38,t,50,10,f,t,glove
2018-11-01 - Kootenay Ice at Saskatoon Blades,Jackson Caller,2,112,5 on 5,Shot,Snapshot,0.0119093,f,142,17,f,,,f,f,
2018-11-01 - Kootenay Ice at Saskatoon Blades,Max Gerlach,2,110,5 on 5,Shot,Snapshot,0.0226357,f,148,33,f,,,t,f,
2018-11-01 - Kootenay Ice at Saskatoon Blades,Tristen Robins,2,71,5 on 5,Shot,Wristshot,0.0082432,f,137,23,f,,,t,f,
2018-11-01 - Kootenay Ice at Saskatoon Blades,Emil Malysjev,2,67,5 on 5,Shot,Wristshot,0.0265487,f,156,64,f,,,f,f,
2018-11-01 - Kootenay Ice at Saskatoon Blades,Gary Haden,2,15,5 on 5,Shot,Snapshot,0.1141884,t,185,43,t,25,2,f,f,
2018-11-01 - Kootenay Ice at Saskatoon Blades,Zach Huber,3,965,5 on 5,Shot,Wristshot,0.0053524,f,151,15,t,51,8,f,f,left_pad
2018-11-01 - Kootenay Ice at Saskatoon Blades,Brady Nicholas,3,946,5 on 5,Shot,Wristshot,0.0090834,f,166,83,t,20,19,f,f,blocker
2018-11-01 - Kootenay Ice at Saskatoon Blades,Seth Bafaro,3,904,5 on 5,Shot,Wristshot,0.0265487,f,146,42,f,,,f,f,
2018-11-01 - Kootenay Ice at Saskatoon Blades,Emil Malysjev,3,891,5 on 5,Shot,Wristshot,0.0265487,f,145,24,t,12,27,f,f,blocker
2018-11-01 - Kootenay Ice at Saskatoon Blades,Josh Paterson,3,737,5 on 5,Shot,Wristshot,0.0223636,f,158,45,f,,,t,f,
2018-11-01 - Kootenay Ice at Saskatoon Blades,Majid Kaddoura,3,677,5 on 5,Shot,Slapshot,0.0066574,f,135,72,f,,,f,f,
2018-11-01 - Kootenay Ice at Saskatoon Blades,Brady Nicholas,3,386,5 on 5,Shot,Wristshot,0.0090834,f,159,66,f,,,f,f,
2018-11-01 - Kootenay Ice at Saskatoon Blades,Jackson Caller,3,380,5 on 5,Shot,Wristshot,0.0049881,f,150,5,f,,,t,f,
2018-11-01 - Kootenay Ice at Saskatoon Blades,Zach Huber,3,375,5 on 5,Shot,Wristshot,0.0291363,f,173,27,f,,,t,f,
2018-11-01 - Kootenay Ice at Saskatoon Blades,Dawson Davidson,3,358,5 on 5,Shot,Wristshot,0.0265487,f,143,43,t,29,18,f,f,torso
2018-11-01 - Kootenay Ice at Saskatoon Blades,Zach Huber,3,355,5 on 5,Shot,Wristshot,0.0316781,f,190,36,f,,,f,f,
2018-11-01 - Kootenay Ice at Saskatoon Blades,Josh Paterson,3,344,5 on 5,Shot,Fan,0.0089514,f,169,14,f,,,f,f,
2018-11-01 - Kootenay Ice at Saskatoon Blades,Tristen Robins,3,281,5 on 5,Shot,Wristshot,0.0223636,f,151,56,f,,,f,f,
2018-11-01 - Kootenay Ice at Saskatoon Blades,Gary Haden,3,129,5 on 5,Shot,Snapshot,0.0795229,f,167,30,t,59,9,f,t,left_pad
2018-11-01 - Kootenay Ice at Saskatoon Blades,Kirby Dach,3,51,5 on 5,Shot,Wristshot,0.0124402,f,184,74,t,53,23,f,f,torso
2018-11-01 - Kootenay Ice at Saskatoon Blades,Dawson Davidson,3,43,6 on 5,Shot,Slapshot,0,f,159,81,f,,,f,t,
2018-11-01 - Kootenay Ice at Saskatoon Blades,Max Gerlach,3,36,6 on 5,Shot,Wristshot,0,f,180,19,f,,,f,f,
2018-11-01 - Kootenay Ice at Saskatoon Blades,Dawson Davidson,3,32,6 on 5,Shot,Wristshot,0,f,166,64,f,,,t,f,
2018-11-01 - Kootenay Ice at Saskatoon Blades,Kirby Dach,3,24,6 on 5,Shot,Slapshot,0,f,133,31,f,,,t,t,
2018-11-01 - Kootenay Ice at Saskatoon Blades,Riley McKay,3,21,6 on 5,Shot,Wristshot,0.106383,f,177,28,t,22,21,f,f,torso
2018-11-01 - Kootenay Ice at Saskatoon Blades,Chase Wouters,3,17,6 on 5,Shot,Wristshot,0.0066667,f,142,27,f,,,f,f,
2018-11-01 - Kootenay Ice at Saskatoon Blades,Chase Wouters,3,11,6 on 5,Shot,Fan,0.1090909,f,186,59,f,,,f,f,
2018-11-01 - Kootenay Ice at Saskatoon Blades,Max Gerlach,3,8,6 on 5,Shot,Wristshot,0,f,152,8,t,65,17,f,f,glove
2018-11-04 - London Knights at Kitchener Rangers,Alex Formenton,1,1185,5 on 5,Shot,Snapshot,0.0059568,f,141,28,f,,,t,f,
2018-11-04 - London Knights at Kitchener Rangers,Matthew Timms,1,1140,5 on 5,Shot,Wristshot,0.0049881,f,140,3,t,62,9,f,f,left_pad
2018-11-04 - London Knights at Kitchener Rangers,Evan Bouchard,1,806,5 on 5,Shot,Snapshot,0.2643678,t,180,39,t,14,31,f,t,
2018-11-04 - London Knights at Kitchener Rangers,Evan Bouchard,1,695,5 on 5,Shot,Slapshot,0.0066574,f,133,72,t,23,22,f,f,torso
2018-11-04 - London Knights at Kitchener Rangers,Alex Turko,1,693,5 on 5,Shot,Snapshot,0.2354521,f,181,44,f,,,f,f,
2018-11-04 - London Knights at Kitchener Rangers,Cole Tymkin,1,692,5 on 5,Shot,Snapshot,0.0301508,f,173,50,f,,,t,f,
2018-11-04 - London Knights at Kitchener Rangers,Billy Moskal,1,681,5 on 5,Shot,Snapshot,0.0111773,f,172,75,t,25,24,f,f,torso
2018-11-04 - London Knights at Kitchener Rangers,Riley Coome,1,556,5 on 5,Shot,Snapshot,0.0049881,f,141,4,t,8,23,f,f,blocker
2018-11-04 - London Knights at Kitchener Rangers,Nathan Dunkley,1,399,5 on 5,Shot,Snapshot,0.2703252,f,181,45,t,14,22,f,t,blocker
2018-11-04 - London Knights at Kitchener Rangers,Alex Formenton,1,363,5 on 5,Shot,Snapshot,0.160366,f,178,38,t,13,26,f,f,blocker
2018-11-04 - London Knights at Kitchener Rangers,Josh Nelson,1,340,5 on 5,Shot,Snapshot,0.0082432,f,131,24,t,14,29,f,f,blocker
2018-11-04 - London Knights at Kitchener Rangers,Connor McMichael,1,181,4 on 5,Shot,Wristshot,0.0938776,f,168,59,t,16,32,f,f,blocker
2018-11-04 - London Knights at Kitchener Rangers,Billy Moskal,1,120,5 on 5,Shot,Wristshot,0.0048193,f,141,67,f,,,t,f,
2018-11-04 - London Knights at Kitchener Rangers,Alex Formenton,1,74,5 on 5,Shot,Deflection,0.2703252,f,185,43,f,,,f,t,
2018-11-04 - London Knights at Kitchener Rangers,Alec Regula,1,2,5 on 5,Shot,Wristshot,0.0125721,f,134,38,f,,,f,f,
2018-11-04 - London Knights at Kitchener Rangers,Evan Bouchard,1,0,5 on 5,Shot,Wristshot,0.0098765,f,192,56,t,59,5,f,f,left_pad
2018-11-04 - London Knights at Kitchener Rangers,Alec Regula,2,1149,5 on 5,Shot,Snapshot,0.0184426,f,128,21,t,42,3,f,t,stick
2018-11-04 - London Knights at Kitchener Rangers,Alex Formenton,2,1135,5 on 5,Shot,Snapshot,0.146883,f,170,39,t,27,12,f,f,torso
2018-11-04 - London Knights at Kitchener Rangers,Jacob Golden,2,1003,5 on 5,Shot,Wristshot,0.0035971,f,156,16,t,43,14,f,f,glove
2018-11-04 - London Knights at Kitchener Rangers,Alec Regula,2,994,5 on 5,Shot,Snapshot,0.0529595,f,163,24,t,17,19,f,f,torso
2018-11-04 - London Knights at Kitchener Rangers,Evan Bouchard,2,979,5 on 5,Shot,Wristshot,0.001705,f,131,71,t,47,22,f,f,torso
2018-11-04 - London Knights at Kitchener Rangers,Josh Nelson,2,972,5 on 5,Shot,Snapshot,0.0291363,f,166,26,t,44,5,f,f,left_pad
2018-11-04 - London Knights at Kitchener Rangers,Evan Bouchard,2,969,5 on 5,Shot,Slapshot,0.0054808,f,143,74,f,,,t,f,
2018-11-04 - London Knights at Kitchener Rangers,Liam Foudy,2,951,5 on 5,Shot,Deflection,0.1141884,f,178,45,f,,,f,f,
2018-11-04 - London Knights at Kitchener Rangers,Liam Foudy,2,933,5 on 5,Shot,Snapshot,0.1247672,f,177,45,t,60,2,f,t,left_pad
2018-11-04 - London Knights at Kitchener Rangers,Josh Nelson,2,714,5 on 5,Shot,Wristshot,0.0301508,f,165,54,f,,,f,f,
2018-11-04 - London Knights at Kitchener Rangers,William Lochead,2,686,5 on 5,Shot,Snapshot,0.0042493,f,137,68,f,,,f,t,
2018-11-04 - London Knights at Kitchener Rangers,William Lochead,2,674,5 on 5,Shot,Wristshot,0.0125721,f,130,51,f,,,t,f,
2018-11-04 - London Knights at Kitchener Rangers,Matthew Timms,2,662,5 on 5,Shot,Wristshot,0.0265487,f,151,39,t,15,3,f,f,right_pad
2018-11-04 - London Knights at Kitchener Rangers,Cole Tymkin,2,563,5 on 5,Shot,Deflection,0.0553299,f,169,31,t,25,1,f,f,right_pad
2018-11-04 - London Knights at Kitchener Rangers,Cole Tymkin,2,552,5 on 5,Shot,Snapshot,0.0640569,f,181,51,t,66,18,f,t,glove
2018-11-04 - London Knights at Kitchener Rangers,William Lochead,2,488,5 on 5,Shot,Snapshot,0.0529595,f,173,25,t,36,18,f,f,glove
2018-11-04 - London Knights at Kitchener Rangers,Liam Foudy,2,458,5 on 5,Shot,Snapshot,0.1306413,f,185,59,t,65,12,f,t,glove
2018-11-04 - London Knights at Kitchener Rangers,Sergey Popov,2,413,5 on 5,Shot,Snapshot,0.0940405,f,165,49,f,,,f,f,
2018-11-04 - London Knights at Kitchener Rangers,William Lochead,2,283,5 on 5,Shot,Snapshot,0.0071344,f,128,7,f,,,t,t,
2018-11-04 - London Knights at Kitchener Rangers,Josh Nelson,2,171,5 on 5,Shot,Snapshot,0.0038314,f,182,17,t,6,29,f,f,right_shoulder
2018-11-04 - London Knights at Kitchener Rangers,William Lochead,2,164,5 on 5,Shot,Slapshot,0.0265487,f,144,54,t,55,18,f,f,glove
2018-11-04 - London Knights at Kitchener Rangers,Alex Formenton,2,64,5 on 5,Shot,Wristshot,0.0090834,f,172,80,f,,,f,f,
2018-11-04 - London Knights at Kitchener Rangers,Connor McMichael,2,62,5 on 5,Shot,Wristshot,0.0835031,f,180,47,f,,,t,f,
2018-11-04 - London Knights at Kitchener Rangers,Connor McMichael,2,61,5 on 5,Shot,Snapshot,0.1141884,f,181,39,t,9,1,f,f,right_pad
2018-11-04 - London Knights at Kitchener Rangers,Alec Regula,2,41,5 on 5,Shot,Snapshot,0.0616438,f,160,58,t,53,18,f,f,torso
2018-11-04 - London Knights at Kitchener Rangers,Alex Turko,2,40,5 on 5,Shot,Snapshot,0.2354521,f,181,45,t,40,4,f,f,right_pad
2018-11-04 - London Knights at Kitchener Rangers,Sergey Popov,2,40,5 on 5,Shot,Snapshot,0.2354521,t,186,36,t,4,2,f,f,
2018-11-04 - London Knights at Kitchener Rangers,Alex Formenton,3,1078,5 on 5,Shot,Snapshot,0.0492483,f,172,56,t,6,26,f,f,blocker
2018-11-04 - London Knights at Kitchener Rangers,Evan Bouchard,3,1067,5 on 5,Shot,Slapshot,0.0066574,f,129,73,t,43,2,f,f,stick
2018-11-04 - London Knights at Kitchener Rangers,Liam Foudy,3,862,4 on 5,Shot,Snapshot,0.0979021,f,178,30,t,51,26,f,f,torso
2018-11-04 - London Knights at Kitchener Rangers,Evan Bouchard,3,853,4 on 5,Shot,Snapshot,0,f,131,70,t,16,32,f,f,blocker
2018-11-04 - London Knights at Kitchener Rangers,Alec Regula,3,525,5 on 5,Shot,Wristshot,0.0085537,f,130,24,t,61,23,f,f,glove
2018-11-04 - London Knights at Kitchener Rangers,Matthew Timms,3,421,5 on 5,Shot,Slapshot,0.0064077,f,136,7,f,,,t,f,
2018-11-04 - London Knights at Kitchener Rangers,Matvey Guskov,3,415,5 on 5,Shot,Deflection,0.0835031,f,174,47,f,,,t,f,
2018-11-04 - London Knights at Kitchener Rangers,Evan Bouchard,3,345,5 on 5,Shot,Slapshot,0.0042493,f,135,72,t,42,19,f,t,torso
2018-11-04 - London Knights at Kitchener Rangers,Alec Regula,3,184,4 on 4,Shot,Wristshot,0,f,176,17,t,49,21,f,f,torso
2018-11-04 - London Knights at Kitchener Rangers,Alex Formenton,3,83,5 on 6,Shot,Snapshot,1,t,181,39,t,49,1,f,f,
2018-11-04 - London Knights at Kitchener Rangers,Antonio Stranges,3,60,5 on 5,Shot,Snapshot,0.160366,f,179,41,t,9,26,f,f,blocker
2018-11-04 - London Knights at Kitchener Rangers,Antonio Stranges,3,29,5 on 6,Shot,Wristshot,0.5454545,f,137,8,t,,,f,f,
2018-11-04 - London Knights at Kitchener Rangers,Mike Petizian,1,817,5 on 5,Shot,Wristshot,0.0324879,f,155,30,t,44,17,f,f,torso
2018-11-04 - London Knights at Kitchener Rangers,Michael Vukojevic,1,776,5 on 5,Shot,Snapshot,0.0265487,f,149,46,f,,,t,f,
2018-11-04 - London Knights at Kitchener Rangers,Rickard Hugg,1,728,5 on 5,Shot,Snapshot,0.0837401,f,167,23,t,61,36,f,f,glove
2018-11-04 - London Knights at Kitchener Rangers,Rickard Hugg,1,545,5 on 5,Shot,Wristshot,0.0053524,f,150,8,t,62,35,f,f,glove
2018-11-04 - London Knights at Kitchener Rangers,Arber Xhekaj,1,537,5 on 5,Shot,Snapshot,0.0064077,f,137,7,t,60,24,f,f,glove
2018-11-04 - London Knights at Kitchener Rangers,Rickard Hugg,1,530,5 on 5,Shot,Snapshot,0.0492483,f,162,58,f,,,f,f,
2018-11-04 - London Knights at Kitchener Rangers,Arber Xhekaj,1,525,5 on 5,Shot,Snapshot,0.0049881,f,128,2,f,,,t,f,
2018-11-04 - London Knights at Kitchener Rangers,Joseph Garreffa,1,370,5 on 5,Shot,Wristshot,0.0070883,f,156,19,f,,,t,f,
2018-11-04 - London Knights at Kitchener Rangers,Alexei Lipanov,1,316,5 on 5,Shot,Wristshot,0.0223636,f,157,41,t,62,30,f,f,glove
2018-11-04 - London Knights at Kitchener Rangers,Riley Damiani,1,312,5 on 5,Shot,Fan,0.1141884,f,182,48,f,,,f,f,
2018-11-04 - London Knights at Kitchener Rangers,Greg Meireles,1,252,5 on 4,Shot,Deflection,0.202381,f,184,42,f,,,f,t,
2018-11-04 - London Knights at Kitchener Rangers,Justin MacPherson,1,198,5 on 4,Shot,Snapshot,0.010274,f,142,9,f,,,t,f,
2018-11-04 - London Knights at Kitchener Rangers,Mike Petizian,1,151,5 on 5,Shot,Wristshot,0.012758,f,169,8,f,,,f,f,
2018-11-04 - London Knights at Kitchener Rangers,Eric Guest,1,106,5 on 5,Shot,Deflection,0.1306413,f,185,52,t,43,3,f,t,left_pad
2018-11-04 - London Knights at Kitchener Rangers,Michael Vukojevic,2,1189,5 on 5,Shot,Snapshot,0.0125721,f,139,25,f,,,t,f,
2018-11-04 - London Knights at Kitchener Rangers,Alexei Lipanov,2,1171,5 on 5,Shot,Wristshot,0.0089514,f,159,6,f,,,t,f,
2018-11-04 - London Knights at Kitchener Rangers,Greg Meireles,2,1127,5 on 5,Shot,Snapshot,0.0434783,f,167,31,t,23,5,f,f,right_pad
2018-11-04 - London Knights at Kitchener Rangers,Riley Damiani,2,1091,5 on 5,Shot,Deflection,0.0835031,f,180,45,f,,,f,f,
2018-11-04 - London Knights at Kitchener Rangers,Rickard Hugg,2,1031,5 on 5,Shot,Snapshot,0.0389864,f,186,22,t,3,28,f,f,right_shoulder
2018-11-04 - London Knights at Kitchener Rangers,Joseph Garreffa,2,1023,5 on 5,Shot,Snapshot,0.0082432,f,140,46,t,56,25,f,f,glove
2018-11-04 - London Knights at Kitchener Rangers,Eric Guest,2,926,5 on 5,Shot,Snapshot,0.007428,f,171,16,t,45,3,f,f,glove
2018-11-04 - London Knights at Kitchener Rangers,Mike Petizian,2,881,5 on 5,Shot,Snapshot,0.0091743,f,172,16,t,19,3,f,t,stick
2018-11-04 - London Knights at Kitchener Rangers,Michael Vukojevic,2,873,5 on 5,Shot,Snapshot,0.0241228,f,144,62,t,57,4,f,t,left_pad
2018-11-04 - London Knights at Kitchener Rangers,Mike Petizian,2,832,5 on 5,Shot,Snapshot,0.0465116,f,175,32,t,30,3,f,t,left_pad
2018-11-04 - London Knights at Kitchener Rangers,Riley Damiani,2,792,5 on 5,Shot,Snapshot,0.0434783,f,171,29,t,46,18,f,f,glove
2018-11-04 - London Knights at Kitchener Rangers,Arber Xhekaj,2,775,5 on 5,Shot,Snapshot,0.0119093,f,149,17,t,18,26,f,f,right_shoulder
2018-11-04 - London Knights at Kitchener Rangers,Eric Guest,2,771,5 on 5,Shot,Wristshot,0.0125392,f,191,28,t,1,7,f,f,right_pad
2018-11-04 - London Knights at Kitchener Rangers,Joseph Garreffa,2,721,5 on 5,Shot,Snapshot,0.1083521,f,163,51,f,,,f,t,
2018-11-04 - London Knights at Kitchener Rangers,Alexei Lipanov,2,629,5 on 5,Shot,Snapshot,0.1247672,f,177,49,f,,,t,t,
2018-11-04 - London Knights at Kitchener Rangers,Arber Xhekaj,2,620,5 on 5,Shot,Snapshot,0.0066574,f,133,78,f,,,f,f,
2018-11-04 - London Knights at Kitchener Rangers,Arber Xhekaj,2,604,5 on 5,Shot,Snapshot,0.0049881,f,140,3,f,,,t,f,
2018-11-04 - London Knights at Kitchener Rangers,Mike Petizian,2,476,5 on 5,Shot,Wristshot,0.007428,f,170,17,f,,,t,f,
2018-11-04 - London Knights at Kitchener Rangers,Jonathan Yantsis,2,446,5 on 5,Shot,Snapshot,0.0027082,f,152,71,t,33,23,f,f,blocker
2018-11-04 - London Knights at Kitchener Rangers,Riley Damiani,2,373,5 on 5,Shot,Wristshot,0.0389864,f,181,34,f,,,t,f,
2018-11-04 - London Knights at Kitchener Rangers,Riley Damiani,2,345,5 on 5,Shot,Snapshot,0.1141884,f,178,39,t,20,1,f,f,right_pad
2018-11-04 - London Knights at Kitchener Rangers,Riley Damiani,2,344,5 on 5,Shot,Snapshot,0.2354521,f,183,49,t,63,1,f,f,left_pad
2018-11-04 - London Knights at Kitchener Rangers,Chase Campbell,2,326,5 on 5,Shot,Snapshot,0.0027082,f,148,75,t,63,5,f,f,glove
2018-11-04 - London Knights at Kitchener Rangers,Joseph Garreffa,2,321,5 on 5,Shot,Snapshot,0.0074906,f,130,69,t,61,4,f,f,glove
2018-11-04 - London Knights at Kitchener Rangers,Joseph Garreffa,2,316,5 on 5,Shot,Snapshot,0.0082432,f,133,52,f,,,f,f,
2018-11-04 - London Knights at Kitchener Rangers,Jonathan Yantsis,2,144,5 on 5,Shot,Snapshot,0.197491,f,184,48,t,65,2,f,t,left_pad
2018-11-04 - London Knights at Kitchener Rangers,Alexei Lipanov,3,1121,5 on 5,Shot,Snapshot,0,f,136,34,f,,,t,f,
2018-11-04 - London Knights at Kitchener Rangers,Justin MacPherson,3,1107,5 on 5,Shot,Slapshot,0.0265487,f,143,40,t,59,25,f,f,glove
2018-11-04 - London Knights at Kitchener Rangers,Arber Xhekaj,3,1032,5 on 5,Shot,Wristshot,0.0064077,f,132,6,f,,,t,f,
2018-11-04 - London Knights at Kitchener Rangers,Joseph Garreffa,3,975,5 on 5,Shot,Wristshot,0.0029586,f,131,2,f,,,f,f,
2018-11-04 - London Knights at Kitchener Rangers,Rickard Hugg,3,941,5 on 4,Shot,Snapshot,0.0808511,f,163,30,f,,,f,t,
2018-11-04 - London Knights at Kitchener Rangers,Joseph Garreffa,3,911,5 on 4,Shot,Wristshot,0.0376569,f,143,52,f,,,t,f,
2018-11-04 - London Knights at Kitchener Rangers,Greg Meireles,3,901,5 on 4,Shot,Snapshot,0.0201342,f,142,69,f,,,t,f,
2018-11-04 - London Knights at Kitchener Rangers,Riley Damiani,3,877,5 on 4,Shot,Slapshot,0.04,f,148,17,f,,,t,t,
2018-11-04 - London Knights at Kitchener Rangers,Greg Meireles,3,876,5 on 4,Shot,Snapshot,0.0480379,f,168,53,t,59,28,f,f,glove
2018-11-04 - London Knights at Kitchener Rangers,Justin MacPherson,3,745,5 on 5,Shot,Snapshot,0.0049881,f,136,2,f,,,f,f,
2018-11-04 - London Knights at Kitchener Rangers,Justin MacPherson,3,731,5 on 5,Shot,Wristshot,0.0016694,f,135,7,t,24,2,f,f,stick
2018-11-04 - London Knights at Kitchener Rangers,Rickard Hugg,3,711,5 on 5,Shot,Fan,0.1141884,f,186,46,f,,,f,f,
2018-11-04 - London Knights at Kitchener Rangers,Jack York,3,708,5 on 5,Shot,Slapshot,0.0188586,f,129,52,f,,,f,t,
2018-11-04 - London Knights at Kitchener Rangers,Eric Guest,3,640,5 on 5,Shot,Wristshot,0.0434783,f,159,23,t,20,40,f,f,right_shoulder
2018-11-04 - London Knights at Kitchener Rangers,Michael Vukojevic,3,609,5 on 5,Shot,Wristshot,0,f,133,3,t,32,24,f,f,torso
2018-11-04 - London Knights at Kitchener Rangers,Justin MacPherson,3,507,5 on 5,Shot,Slapshot,0.0119093,f,145,13,f,,,t,f,
2018-11-04 - London Knights at Kitchener Rangers,Riley Damiani,3,459,5 on 5,Shot,Snapshot,0.0291363,f,170,27,f,,,f,f,
2018-11-04 - London Knights at Kitchener Rangers,Mike Petizian,3,252,5 on 5,Shot,Snapshot,0.0584615,f,180,64,t,16,35,f,f,blocker
2018-11-04 - London Knights at Kitchener Rangers,Alexei Lipanov,3,250,5 on 5,Shot,Wristshot,0.0970537,f,185,35,t,21,23,f,f,torso
2018-11-04 - London Knights at Kitchener Rangers,Alexei Lipanov,3,249,5 on 5,Shot,Snapshot,0.0480769,f,192,21,f,,,t,f,
2018-11-04 - London Knights at Kitchener Rangers,Riley Damiani,3,151,5 on 4,Shot,Wristshot,0.0149254,f,134,26,t,57,30,f,f,glove
2018-11-04 - London Knights at Kitchener Rangers,Greg Meireles,3,144,5 on 4,Shot,Snapshot,0.0376569,f,157,60,t,41,21,f,f,torso
2018-11-04 - London Knights at Kitchener Rangers,Greg Meireles,3,122,6 on 5,Shot,Snapshot,0.0066667,f,155,46,f,,,t,f,
2018-11-04 - London Knights at Kitchener Rangers,Greg Meireles,3,108,6 on 5,Shot,Deflection,0.0869565,f,169,54,f,,,f,f,
2018-11-04 - London Knights at Kitchener Rangers,Alexei Lipanov,3,16,6 on 5,Shot,Slapshot,0,f,139,40,t,15,5,f,t,right_pad
2018-11-04 - London Knights at Kitchener Rangers,Jack York,3,8,6 on 5,Shot,Snapshot,0,f,142,80,f,,,t,f,
2018-11-02 - Windsor Spitfires at Kitchener Rangers,Curtis Douglas,1,1081,5 on 5,Shot,Snapshot,0.1059783,t,175,32,t,63,9,f,t,
2018-11-02 - Windsor Spitfires at Kitchener Rangers,Lev Starikov,1,1067,5 on 5,Shot,Snapshot,0.0064077,f,139,9,f,,,f,f,
2018-11-02 - Windsor Spitfires at Kitchener Rangers,Lev Starikov,1,1053,5 on 5,Shot,Slapshot,0.0085537,f,138,21,t,57,14,f,f,glove
2018-11-02 - Windsor Spitfires at Kitchener Rangers,Nathan Staios,1,1039,5 on 5,Shot,Wristshot,0.0064077,f,136,8,f,,,t,f,
2018-11-02 - Windsor Spitfires at Kitchener Rangers,Curtis Douglas,1,1008,5 on 5,Shot,Wristshot,0.0243902,f,145,44,t,17,32,f,f,right_shoulder
2018-11-02 - Windsor Spitfires at Kitchener Rangers,Curtis Douglas,1,978,5 on 5,Shot,Wrap Around,0.0117729,f,172,4,t,19,3,f,f,stick
2018-11-02 - Windsor Spitfires at Kitchener Rangers,Lev Starikov,1,961,5 on 5,Shot,Wristshot,0.0259259,f,152,30,f,,,f,f,
2018-11-02 - Windsor Spitfires at Kitchener Rangers,Connor Corcoran,1,956,5 on 5,Shot,Wristshot,0.0447761,f,188,29,f,,,t,f,
2018-11-02 - Windsor Spitfires at Kitchener Rangers,Daniel D'Amico,1,954,5 on 5,Shot,Wristshot,0.1141884,f,178,46,t,63,7,f,f,left_pad
2018-11-02 - Windsor Spitfires at Kitchener Rangers,Daniel D'Amico,1,951,5 on 5,Shot,Wristshot,0.0091438,f,175,83,f,,,f,f,
2018-11-02 - Windsor Spitfires at Kitchener Rangers,Sean Allen,1,944,5 on 5,Shot,Wristshot,0.0125721,f,135,57,f,,,t,f,
2018-11-02 - Windsor Spitfires at Kitchener Rangers,Connor Corcoran,1,699,5 on 5,Shot,Wristshot,0.0066574,f,130,71,f,,,f,f,
2018-11-02 - Windsor Spitfires at Kitchener Rangers,Cody Morgan,1,697,5 on 5,Shot,Wristshot,0.0316781,f,191,27,t,19,8,f,f,right_pad
2018-11-02 - Windsor Spitfires at Kitchener Rangers,Daniel D'Amico,1,626,5 on 4,Shot,Wristshot,0.0273038,f,160,68,t,46,20,f,f,torso
2018-11-02 - Windsor Spitfires at Kitchener Rangers,Cody Morgan,1,560,5 on 5,Shot,Wristshot,0.0124402,t,174,66,t,5,41,f,f,
2018-11-02 - Windsor Spitfires at Kitchener Rangers,Sean Allen,1,236,5 on 5,Shot,Slapshot,0.0064077,f,131,8,t,49,5,f,f,left_pad
2018-11-02 - Windsor Spitfires at Kitchener Rangers,Tyler Angle,1,162,4 on 5,Shot,Wristshot,0.0090909,f,163,18,t,34,30,f,f,torso
2018-11-02 - Windsor Spitfires at Kitchener Rangers,Luke Kutkevicius,1,44,5 on 5,Shot,Wristshot,0.0063593,f,158,65,f,,,f,f,
2018-11-02 - Windsor Spitfires at Kitchener Rangers,Lev Starikov,2,1152,5 on 5,Shot,Wristshot,0.0064077,f,135,8,f,,,f,f,
2018-11-02 - Windsor Spitfires at Kitchener Rangers,Matthew MacDougall,2,1132,5 on 5,Shot,Wristshot,0.0649293,f,181,63,f,,,f,f,
2018-11-02 - Windsor Spitfires at Kitchener Rangers,Matthew MacDougall,2,1115,5 on 5,Shot,Wristshot,0.1141884,f,182,42,t,59,5,f,f,left_pad
2018-11-02 - Windsor Spitfires at Kitchener Rangers,Sean Allen,2,1083,5 on 5,Shot,Wristshot,0.0064077,f,128,15,f,,,f,f,
2018-11-02 - Windsor Spitfires at Kitchener Rangers,Nathan Staios,2,950,5 on 5,Shot,Wristshot,0.0192308,f,150,59,f,,,f,f,
2018-11-02 - Windsor Spitfires at Kitchener Rangers,Curtis Douglas,2,842,5 on 5,Shot,Wristshot,0.0324879,f,148,61,t,37,9,f,f,left_pad
2018-11-02 - Windsor Spitfires at Kitchener Rangers,Daniel D'Amico,2,838,5 on 5,Shot,Wristshot,0.0063593,f,156,67,f,,,f,f,
2018-11-02 - Windsor Spitfires at Kitchener Rangers,Tyler Angle,2,791,5 on 5,Shot,Wristshot,0.0091438,f,177,73,t,54,27,f,f,torso
2018-11-02 - Windsor Spitfires at Kitchener Rangers,Cole Purboo,2,789,5 on 5,Shot,Wristshot,0.0376569,f,179,58,f,,,t,f,
2018-11-02 - Windsor Spitfires at Kitchener Rangers,Cole Purboo,2,787,5 on 5,Shot,Wrap Around,0.1141884,f,188,38,t,7,3,f,f,blocker
2018-11-02 - Windsor Spitfires at Kitchener Rangers,Thomas Stevenson,2,753,5 on 5,Shot,Wristshot,0.0066574,f,139,77,f,,,f,f,
2018-11-02 - Windsor Spitfires at Kitchener Rangers,Chris Playfair,2,748,5 on 5,Shot,Wristshot,0.0019685,f,135,5,t,58,4,f,f,glove
2018-11-02 - Windsor Spitfires at Kitchener Rangers,Cody Morgan,2,729,5 on 5,Shot,Wristshot,0.0837401,f,168,32,t,47,20,f,f,torso
2018-11-02 - Windsor Spitfires at Kitchener Rangers,Curtis Douglas,2,712,5 on 5,Shot,Deflection,0.0940405,f,173,45,t,47,8,f,f,left_pad
2018-11-02 - Windsor Spitfires at Kitchener Rangers,Lev Starikov,2,690,5 on 5,Shot,Wristshot,0.0529595,f,162,26,t,48,7,f,f,left_pad
2018-11-02 - Windsor Spitfires at Kitchener Rangers,Curtis Douglas,2,688,5 on 5,Shot,Fan,0.2354521,f,183,37,t,12,3,f,f,right_pad
2018-11-02 - Windsor Spitfires at Kitchener Rangers,Curtis Douglas,2,537,5 on 5,Shot,Wristshot,0.0940405,f,162,46,t,66,9,f,f,left_pad
2018-11-02 - Windsor Spitfires at Kitchener Rangers,Grayson Ladd,2,466,5 on 5,Shot,Wristshot,0.0054808,f,128,81,f,,,t,f,
2018-11-02 - Windsor Spitfires at Kitchener Rangers,Luke Boka,2,248,5 on 5,Shot,Wristshot,0.1141884,f,182,38,t,27,4,f,f,stick
2018-11-02 - Windsor Spitfires at Kitchener Rangers,Cole Purboo,2,223,5 on 5,Shot,Wristshot,0.056846,f,180,21,f,,,t,f,
2018-11-02 - Windsor Spitfires at Kitchener Rangers,Louka Henault,2,152,5 on 5,Shot,Wristshot,0.0054808,f,137,80,f,,,f,f,
2018-11-02 - Windsor Spitfires at Kitchener Rangers,Cole Purboo,2,124,5 on 5,Shot,Wristshot,0.0301508,f,162,55,f,,,f,f,
2018-11-02 - Windsor Spitfires at Kitchener Rangers,Cole Purboo,2,64,5 on 5,Shot,Wristshot,0.0584615,f,187,64,t,45,5,f,f,left_pad
2018-11-02 - Windsor Spitfires at Kitchener Rangers,Daniel D'Amico,3,1182,5 on 5,Shot,Wristshot,0.0324879,f,150,26,f,,,f,f,
2018-11-02 - Windsor Spitfires at Kitchener Rangers,Curtis Douglas,3,1061,5 on 5,Shot,Wristshot,0.0316781,f,193,35,t,11,1,f,f,right_pad
2018-11-02 - Windsor Spitfires at Kitchener Rangers,Tyler Angle,3,867,5 on 5,Shot,Wristshot,0.0324879,f,150,46,f,,,f,f,
2018-11-02 - Windsor Spitfires at Kitchener Rangers,Lev Starikov,3,807,5 on 5,Shot,Slapshot,0.0293772,f,146,23,t,34,18,f,f,torso
2018-11-02 - Windsor Spitfires at Kitchener Rangers,Daniel D'Amico,3,757,5 on 5,Shot,Wristshot,0.0063593,f,154,65,f,,,f,f,
2018-11-02 - Windsor Spitfires at Kitchener Rangers,Grayson Ladd,3,723,5 on 5,Shot,Slapshot,0.0066574,f,133,78,t,30,7,f,f,right_pad
2018-11-02 - Windsor Spitfires at Kitchener Rangers,Tyler Angle,3,721,5 on 5,Shot,Wristshot,0.2354521,t,181,38,t,11,32,f,f,
2018-11-02 - Windsor Spitfires at Kitchener Rangers,Tyler Angle,3,569,5 on 5,Shot,Wristshot,0.0070883,f,150,20,f,,,t,f,
2018-11-02 - Windsor Spitfires at Kitchener Rangers,Connor Corcoran,3,550,5 on 5,Shot,Wristshot,0.0368421,f,177,60,t,54,1,f,f,left_pad
2018-11-02 - Windsor Spitfires at Kitchener Rangers,Daniel D'Amico,3,439,5 on 5,Shot,Slapshot,0,f,153,68,f,,,f,t,
2018-11-02 - Windsor Spitfires at Kitchener Rangers,Tyler Angle,3,406,5 on 5,Shot,Wristshot,0.012758,f,162,16,t,13,25,f,f,blocker
2018-11-02 - Windsor Spitfires at Kitchener Rangers,Nathan Staios,3,299,5 on 5,Shot,Wristshot,0.0049881,f,137,4,f,,,f,f,
2018-11-02 - Windsor Spitfires at Kitchener Rangers,Cole Purboo,3,253,5 on 5,Shot,Wristshot,0.0070883,f,148,19,f,,,f,f,
2018-11-02 - Windsor Spitfires at Kitchener Rangers,Cole Purboo,3,209,5 on 5,Shot,Wristshot,0.047259,f,161,63,t,11,24,f,f,blocker
2018-11-02 - Windsor Spitfires at Kitchener Rangers,Greg Meireles,1,1120,5 on 5,Shot,Wristshot,0.0595065,f,174,23,t,13,33,f,f,torso
2018-11-02 - Windsor Spitfires at Kitchener Rangers,Michael Vukojevic,1,1113,5 on 5,Shot,Snapshot,0.0092838,f,128,5,t,40,41,f,t,glove
2018-11-02 - Windsor Spitfires at Kitchener Rangers,Mike Petizian,1,890,5 on 5,Shot,Slapshot,0.0066345,f,147,7,f,,,f,f,
2018-11-02 - Windsor Spitfires at Kitchener Rangers,Justin MacPherson,1,882,5 on 5,Shot,Wristshot,0.0049881,f,132,5,f,,,t,f,
2018-11-02 - Windsor Spitfires at Kitchener Rangers,Mike Petizian,1,879,5 on 5,Shot,Wristshot,0.0555329,f,171,41,f,,,t,f,
2018-11-02 - Windsor Spitfires at Kitchener Rangers,Mike Petizian,1,877,5 on 5,Shot,Wristshot,0.1141884,f,179,46,t,67,19,f,f,glove
2018-11-02 - Windsor Spitfires at Kitchener Rangers,Rickard Hugg,1,745,5 on 5,Shot,Wristshot,0.0492483,f,173,63,f,,,f,f,
2018-11-02 - Windsor Spitfires at Kitchener Rangers,Greg Meireles,1,741,5 on 5,Shot,Deflection,0.0291363,f,162,30,t,28,16,f,f,torso
2018-11-02 - Windsor Spitfires at Kitchener Rangers,Michael Vukojevic,1,720,5 on 5,Shot,Snapshot,0.0071344,f,130,7,f,,,t,t,
2018-11-02 - Windsor Spitfires at Kitchener Rangers,Michael Vukojevic,1,549,5 on 5,Shot,Wristshot,0.0064077,f,136,10,f,,,f,f,
2018-11-02 - Windsor Spitfires at Kitchener Rangers,Jonathan Yantsis,1,525,5 on 5,Shot,Wristshot,0.0029586,f,155,4,f,,,t,f,
2018-11-02 - Windsor Spitfires at Kitchener Rangers,Jack York,1,503,5 on 5,Shot,Wristshot,0.0265487,f,151,30,f,,,t,f,
2018-11-02 - Windsor Spitfires at Kitchener Rangers,Arber Xhekaj,1,460,5 on 5,Shot,Wristshot,0.0064077,f,138,15,f,,,t,f,
2018-11-02 - Windsor Spitfires at Kitchener Rangers,Justin MacPherson,1,435,5 on 5,Shot,Wristshot,0.0049881,f,149,5,f,,,t,f,
2018-11-02 - Windsor Spitfires at Kitchener Rangers,Greg Meireles,1,362,5 on 4,Shot,Slapshot,0.0201342,f,153,65,t,16,36,f,f,right_shoulder
2018-11-02 - Windsor Spitfires at Kitchener Rangers,Jonathan Yantsis,1,356,5 on 4,Shot,Wrap Around,0.1403722,f,188,38,t,14,2,f,f,right_pad
2018-11-02 - Windsor Spitfires at Kitchener Rangers,Jack York,1,323,5 on 4,Shot,Wristshot,0.1047619,f,169,27,t,19,24,f,f,blocker
2018-11-02 - Windsor Spitfires at Kitchener Rangers,Justin MacPherson,1,309,5 on 4,Shot,Slapshot,0.0264935,f,129,51,f,,,t,t,
2018-11-02 - Windsor Spitfires at Kitchener Rangers,Alexei Lipanov,1,290,5 on 4,Shot,Slapshot,0.0566038,f,151,66,t,9,26,f,t,blocker
2018-11-02 - Windsor Spitfires at Kitchener Rangers,Joseph Garreffa,1,184,5 on 4,Shot,Wristshot,0,f,154,15,t,59,20,f,f,glove
2018-11-02 - Windsor Spitfires at Kitchener Rangers,Rickard Hugg,1,139,5 on 4,Shot,Wristshot,0.049728,f,170,27,f,,,f,f,
2018-11-02 - Windsor Spitfires at Kitchener Rangers,Justin MacPherson,2,1184,5 on 5,Shot,Wristshot,0.0265487,f,154,28,f,,,f,f,
2018-11-02 - Windsor Spitfires at Kitchener Rangers,Jack York,2,1172,5 on 5,Shot,Wristshot,0.0064077,f,136,16,f,,,t,f,
2018-11-02 - Windsor Spitfires at Kitchener Rangers,Riley Damiani,2,1067,5 on 5,Shot,Wristshot,0.0324879,f,150,55,f,,,f,f,
2018-11-02 - Windsor Spitfires at Kitchener Rangers,Jack York,2,1025,5 on 5,Shot,Wristshot,0.0125721,f,136,54,t,11,23,f,f,blocker
2018-11-02 - Windsor Spitfires at Kitchener Rangers,Rickard Hugg,2,957,5 on 5,Shot,Wristshot,0.012758,f,171,18,t,21,30,f,f,right_shoulder
2018-11-02 - Windsor Spitfires at Kitchener Rangers,Joseph Serpa,2,942,5 on 5,Shot,Wristshot,0.0057351,f,150,77,f,,,f,f,
2018-11-02 - Windsor Spitfires at Kitchener Rangers,Joseph Garreffa,2,924,5 on 5,Shot,Wristshot,0.0324879,f,158,23,t,13,26,f,f,blocker
2018-11-02 - Windsor Spitfires at Kitchener Rangers,Isaac Langdon,2,923,5 on 5,Shot,Wristshot,0.2354521,f,184,38,t,18,4,f,f,right_pad
2018-11-02 - Windsor Spitfires at Kitchener Rangers,Riley Damiani,2,890,5 on 5,Shot,Wristshot,0.160366,f,185,38,t,29,9,f,f,right_pad
2018-11-02 - Windsor Spitfires at Kitchener Rangers,Riley Damiani,2,849,5 on 5,Shot,Fan,0.1715976,f,179,34,f,,,f,t,
2018-11-02 - Windsor Spitfires at Kitchener Rangers,Chase Campbell,2,773,5 on 5,Shot,Wristshot,0.0226357,f,150,23,f,,,f,f,
2018-11-02 - Windsor Spitfires at Kitchener Rangers,Greg Meireles,2,596,5 on 4,Shot,Wristshot,0.0376569,f,150,60,t,49,9,f,f,left_pad
2018-11-02 - Windsor Spitfires at Kitchener Rangers,Jonathan Yantsis,2,594,5 on 4,Shot,Wristshot,0.2379368,f,186,48,f,,,f,f,
2018-11-02 - Windsor Spitfires at Kitchener Rangers,Riley Damiani,2,589,5 on 4,Shot,Wristshot,0.0576208,f,162,27,t,17,30,f,f,blocker
2018-11-02 - Windsor Spitfires at Kitchener Rangers,Michael Vukojevic,2,487,5 on 5,Shot,Wristshot,0.0265487,f,148,38,f,,,t,f,
2018-11-02 - Windsor Spitfires at Kitchener Rangers,Justin MacPherson,2,365,5 on 5,Shot,Slapshot,0.0092838,f,130,5,f,,,f,t,
2018-11-02 - Windsor Spitfires at Kitchener Rangers,Jack York,2,360,5 on 5,Shot,Slapshot,0.0042493,f,133,75,f,,,t,t,
2018-11-02 - Windsor Spitfires at Kitchener Rangers,Riley Damiani,2,206,5 on 5,Shot,Wristshot,0.0222652,f,176,13,t,43,13,f,f,left_pad
2018-11-02 - Windsor Spitfires at Kitchener Rangers,Eric Guest,2,175,5 on 5,Shot,Wristshot,0.0063593,f,149,65,t,33,19,f,f,torso
2018-11-02 - Windsor Spitfires at Kitchener Rangers,Justin MacPherson,2,172,5 on 5,Shot,Slapshot,0.0241228,f,148,22,f,,,f,t,
2018-11-02 - Windsor Spitfires at Kitchener Rangers,Isaac Langdon,2,14,5 on 5,Shot,Wristshot,0.0492483,f,167,56,t,23,22,f,f,torso
2018-11-02 - Windsor Spitfires at Kitchener Rangers,Eric Guest,2,8,5 on 5,Shot,Wristshot,0.0108108,f,175,15,f,,,f,f,
2018-11-02 - Windsor Spitfires at Kitchener Rangers,Rickard Hugg,3,1131,5 on 5,Shot,Wrap Around,0.1141884,f,186,38,t,7,2,f,f,left_pad
2018-11-02 - Windsor Spitfires at Kitchener Rangers,Eric Guest,3,1128,5 on 5,Shot,Wristshot,0.0492483,f,173,53,t,17,4,f,f,right_pad
2018-11-02 - Windsor Spitfires at Kitchener Rangers,Michael Vukojevic,3,1125,5 on 5,Shot,Snapshot,0.0265487,f,145,33,f,,,t,f,
2018-11-02 - Windsor Spitfires at Kitchener Rangers,Greg Meireles,3,1122,5 on 5,Shot,Deflection,0.1141884,f,177,41,f,,,f,f,
2018-11-02 - Windsor Spitfires at Kitchener Rangers,Joseph Garreffa,3,1089,5 on 5,Shot,Wristshot,0.0324879,f,155,33,t,19,8,f,f,stick
2018-11-02 - Windsor Spitfires at Kitchener Rangers,Jonathan Yantsis,3,988,5 on 5,Shot,Wristshot,0.0291363,f,172,25,t,45,4,t,f,glove
2018-11-02 - Windsor Spitfires at Kitchener Rangers,Joseph Garreffa,3,964,5 on 5,Shot,Wristshot,0.007371,f,129,9,t,51,4,f,f,left_pad
2018-11-02 - Windsor Spitfires at Kitchener Rangers,Justin MacPherson,3,951,5 on 5,Shot,Wristshot,0.0031546,f,148,7,t,57,18,f,f,glove
2018-11-02 - Windsor Spitfires at Kitchener Rangers,Mike Petizian,3,875,5 on 5,Shot,Wristshot,0.0064103,f,158,68,f,,,t,f,
2018-11-02 - Windsor Spitfires at Kitchener Rangers,Arber Xhekaj,3,856,5 on 5,Shot,Wristshot,0.009828,f,165,75,t,69,23,f,f,glove
2018-11-02 - Windsor Spitfires at Kitchener Rangers,Riley Damiani,3,672,5 on 5,Shot,Wristshot,0.056846,f,184,33,t,47,19,f,f,torso
2018-11-02 - Windsor Spitfires at Kitchener Rangers,Graham Dickerson,3,593,5 on 5,Shot,Wristshot,0.07,f,180,46,f,,,f,f,
2018-11-02 - Windsor Spitfires at Kitchener Rangers,Jack York,3,586,5 on 5,Shot,Wristshot,0.0125721,f,130,56,f,,,t,f,
2018-11-02 - Windsor Spitfires at Kitchener Rangers,Justin MacPherson,3,577,5 on 5,Shot,Wristshot,0.0265487,f,157,25,t,52,8,f,f,left_pad
2018-11-02 - Windsor Spitfires at Kitchener Rangers,Arber Xhekaj,3,515,5 on 5,Shot,Wristshot,0.0064077,f,137,8,f,,,t,f,
2018-11-02 - Windsor Spitfires at Kitchener Rangers,Arber Xhekaj,3,493,5 on 5,Shot,Slapshot,0.0064077,f,137,11,f,,,t,f,
2018-11-02 - Windsor Spitfires at Kitchener Rangers,Eric Guest,3,460,5 on 5,Shot,Wristshot,0.012758,f,161,12,f,,,f,f,
2018-11-02 - Windsor Spitfires at Kitchener Rangers,Joseph Garreffa,3,366,5 on 5,Shot,Wristshot,0.0099875,f,141,68,f,,,f,f,
2018-11-02 - Windsor Spitfires at Kitchener Rangers,Greg Meireles,3,354,5 on 5,Shot,Deflection,0.0835031,f,181,36,t,63,3,f,f,left_pad
2018-11-02 - Windsor Spitfires at Kitchener Rangers,Jonathan Yantsis,3,328,5 on 5,Shot,Wristshot,0.0151577,f,168,68,t,58,25,f,f,torso
2018-11-02 - Windsor Spitfires at Kitchener Rangers,Joseph Garreffa,3,280,5 on 5,Shot,Wristshot,0.0074906,f,139,71,f,,,t,f,
2018-11-02 - Windsor Spitfires at Kitchener Rangers,Jack York,3,277,5 on 5,Shot,Slapshot,0.0275229,f,168,24,f,,,t,f,
2018-11-02 - Windsor Spitfires at Kitchener Rangers,Alexei Lipanov,3,274,5 on 5,Shot,Fan,0.0509165,f,153,61,f,,,f,t,
2018-11-02 - Windsor Spitfires at Kitchener Rangers,Justin MacPherson,3,218,5 on 5,Shot,Slapshot,0.0188586,f,137,39,f,,,f,t,
2018-11-02 - Windsor Spitfires at Kitchener Rangers,Rickard Hugg,3,159,5 on 5,Shot,Wristshot,0.0862069,f,165,55,f,,,f,f,
2018-11-02 - Windsor Spitfires at Kitchener Rangers,Michael Vukojevic,3,138,6 on 5,Shot,Wristshot,0,f,160,10,t,41,6,f,f,left_pad
2018-11-02 - Windsor Spitfires at Kitchener Rangers,Riley Damiani,3,137,6 on 5,Shot,Wristshot,0.2470588,f,181,45,t,62,20,f,f,glove
2018-11-02 - Windsor Spitfires at Kitchener Rangers,Riley Damiani,3,123,6 on 4,Shot,Wristshot,0.0408163,f,148,21,f,,,f,f,
2018-11-02 - Windsor Spitfires at Kitchener Rangers,Greg Meireles,3,114,6 on 4,Shot,Slapshot,0,f,139,33,f,,,t,t,
2018-11-02 - Windsor Spitfires at Kitchener Rangers,Eric Guest,3,97,6 on 4,Shot,Wristshot,0.0408163,f,147,31,f,,,f,f,
2018-11-02 - Windsor Spitfires at Kitchener Rangers,Riley Damiani,3,90,6 on 4,Shot,Slapshot,0,f,157,22,f,,,t,t,
2018-11-02 - Windsor Spitfires at Kitchener Rangers,Rickard Hugg,3,79,6 on 4,Shot,Slapshot,0.1111111,f,162,69,t,20,7,f,t,right_pad
2018-11-02 - Windsor Spitfires at Kitchener Rangers,Eric Guest,3,75,6 on 4,Shot,Wristshot,0.0588235,f,170,40,f,,,t,f,
2018-11-02 - Windsor Spitfires at Kitchener Rangers,Joseph Garreffa,3,65,6 on 4,Shot,Fan,0.0408163,f,149,42,f,,,f,f,
2018-11-02 - Windsor Spitfires at Kitchener Rangers,Riley Damiani,3,42,6 on 4,Shot,Wristshot,0.2,f,184,42,t,50,4,f,f,stick